date,iso_code,nuts2,name,supplier,administered
2021-01-05,ES-AN,ES61,Andalucía,Pfizer/BioNTech,40263
2021-01-05,ES-AR,ES24,Aragón,Pfizer/BioNTech,2985
2021-01-05,ES-AS,ES12,Asturias,Pfizer/BioNTech,12929
2021-01-05,ES-IB,ES53,Islas Baleares,Pfizer/BioNTech,2656
2021-01-05,ES-CN,ES70,Canarias,Pfizer/BioNTech,5857
2021-01-05,ES-CB,ES13,Cantabria,Pfizer/BioNTech,601
2021-01-05,ES-CL,ES41,Castilla y León,Pfizer/BioNTech,16430
2021-01-05,ES-CM,ES42,Castilla-La Mancha,Pfizer/BioNTech,4092
2021-01-05,ES-CT,ES51,Cataluña,Pfizer/BioNTech,11191
2021-01-05,ES-VC,ES52,Comunidad Valenciana,Pfizer/BioNTech,8586
2021-01-05,ES-EX,ES43,Extremadura,Pfizer/BioNTech,1806
2021-01-05,ES-GA,ES11,Galicia,Pfizer/BioNTech,12012
2021-01-05,ES-RI,ES23,La Rioja,Pfizer/BioNTech,585
2021-01-05,ES-MD,ES30,Madrid,Pfizer/BioNTech,5335
2021-01-05,ES-MC,ES62,Murcia,Pfizer/BioNTech,4949
2021-01-05,ES-NC,ES22,Navarra,Pfizer/BioNTech,2651
2021-01-05,ES-PV,ES21,País Vasco,Pfizer/BioNTech,5553
2021-01-05,ES-CE,ES63,Ceuta,Pfizer/BioNTech,517
2021-01-05,ES-ML,ES64,Melilla,Pfizer/BioNTech,341
2021-01-07,ES-AN,ES61,Andalucía,Pfizer/BioNTech,53934
2021-01-07,ES-AR,ES24,Aragón,Pfizer/BioNTech,6186
2021-01-07,ES-AS,ES12,Asturias,Pfizer/BioNTech,14406
2021-01-07,ES-IB,ES53,Islas Baleares,Pfizer/BioNTech,3190
2021-01-07,ES-CN,ES70,Canarias,Pfizer/BioNTech,7330
2021-01-07,ES-CB,ES13,Cantabria,Pfizer/BioNTech,1564
2021-01-07,ES-CL,ES41,Castilla y León,Pfizer/BioNTech,22103
2021-01-07,ES-CM,ES42,Castilla-La Mancha,Pfizer/BioNTech,7666
2021-01-07,ES-CT,ES51,Cataluña,Pfizer/BioNTech,24515
2021-01-07,ES-VC,ES52,Comunidad Valenciana,Pfizer/BioNTech,11677
2021-01-07,ES-EX,ES43,Extremadura,Pfizer/BioNTech,3309
2021-01-07,ES-GA,ES11,Galicia,Pfizer/BioNTech,20265
2021-01-07,ES-RI,ES23,La Rioja,Pfizer/BioNTech,858
2021-01-07,ES-MD,ES30,Madrid,Pfizer/BioNTech,11337
2021-01-07,ES-MC,ES62,Murcia,Pfizer/BioNTech,7287
2021-01-07,ES-NC,ES22,Navarra,Pfizer/BioNTech,2960
2021-01-07,ES-PV,ES21,País Vasco,Pfizer/BioNTech,7734
2021-01-07,ES-CE,ES63,Ceuta,Pfizer/BioNTech,576
2021-01-07,ES-ML,ES64,Melilla,Pfizer/BioNTech,426
2021-01-08,ES-AN,ES61,Andalucía,Pfizer/BioNTech,69445
2021-01-08,ES-AR,ES24,Aragón,Pfizer/BioNTech,9944
2021-01-08,ES-AS,ES12,Asturias,Pfizer/BioNTech,17843
2021-01-08,ES-IB,ES53,Islas Baleares,Pfizer/BioNTech,4257
2021-01-08,ES-CN,ES70,Canarias,Pfizer/BioNTech,9572
2021-01-08,ES-CB,ES13,Cantabria,Pfizer/BioNTech,2334
2021-01-08,ES-CL,ES41,Castilla y León,Pfizer/BioNTech,28325
2021-01-08,ES-CM,ES42,Castilla-La Mancha,Pfizer/BioNTech,12380
2021-01-08,ES-CT,ES51,Cataluña,Pfizer/BioNTech,38826
2021-01-08,ES-VC,ES52,Comunidad Valenciana,Pfizer/BioNTech,15965
2021-01-08,ES-EX,ES43,Extremadura,Pfizer/BioNTech,4727
2021-01-08,ES-GA,ES11,Galicia,Pfizer/BioNTech,24750
2021-01-08,ES-RI,ES23,La Rioja,Pfizer/BioNTech,1674
2021-01-08,ES-MD,ES30,Madrid,Pfizer/BioNTech,14152
2021-01-08,ES-MC,ES62,Murcia,Pfizer/BioNTech,8958
2021-01-08,ES-NC,ES22,Navarra,Pfizer/BioNTech,3703
2021-01-08,ES-PV,ES21,País Vasco,Pfizer/BioNTech,9811
2021-01-08,ES-CE,ES63,Ceuta,Pfizer/BioNTech,637
2021-01-08,ES-ML,ES64,Melilla,Pfizer/BioNTech,673
2021-01-11,ES-AN,ES61,Andalucía,Pfizer/BioNTech,81387
2021-01-11,ES-AR,ES24,Aragón,Pfizer/BioNTech,10998
2021-01-11,ES-AS,ES12,Asturias,Pfizer/BioNTech,18943
2021-01-11,ES-IB,ES53,Islas Baleares,Pfizer/BioNTech,4652
2021-01-11,ES-CN,ES70,Canarias,Pfizer/BioNTech,13607
2021-01-11,ES-CB,ES13,Cantabria,Pfizer/BioNTech,8474
2021-01-11,ES-CL,ES41,Castilla y León,Pfizer/BioNTech,36205
2021-01-11,ES-CM,ES42,Castilla-La Mancha,Pfizer/BioNTech,19209
2021-01-11,ES-CT,ES51,Cataluña,Pfizer/BioNTech,68405
2021-01-11,ES-VC,ES52,Comunidad Valenciana,Pfizer/BioNTech,45674
2021-01-11,ES-EX,ES43,Extremadura,Pfizer/BioNTech,9303
2021-01-11,ES-GA,ES11,Galicia,Pfizer/BioNTech,30418
2021-01-11,ES-RI,ES23,La Rioja,Pfizer/BioNTech,3457
2021-01-11,ES-MD,ES30,Madrid,Pfizer/BioNTech,24897
2021-01-11,ES-MC,ES62,Murcia,Pfizer/BioNTech,10361
2021-01-11,ES-NC,ES22,Navarra,Pfizer/BioNTech,5468
2021-01-11,ES-PV,ES21,País Vasco,Pfizer/BioNTech,13103
2021-01-11,ES-CE,ES63,Ceuta,Pfizer/BioNTech,698
2021-01-11,ES-ML,ES64,Melilla,Pfizer/BioNTech,832
2021-01-12,ES-AN,ES61,Andalucía,Pfizer/BioNTech,94879
2021-01-12,ES-AR,ES24,Aragón,Pfizer/BioNTech,11983
2021-01-12,ES-AS,ES12,Asturias,Pfizer/BioNTech,22428
2021-01-12,ES-IB,ES53,Islas Baleares,Pfizer/BioNTech,4835
2021-01-12,ES-CN,ES70,Canarias,Pfizer/BioNTech,15328
2021-01-12,ES-CB,ES13,Cantabria,Pfizer/BioNTech,9527
2021-01-12,ES-CL,ES41,Castilla y León,Pfizer/BioNTech,41340
2021-01-12,ES-CM,ES42,Castilla-La Mancha,Pfizer/BioNTech,23342
2021-01-12,ES-CT,ES51,Cataluña,Pfizer/BioNTech,82785
2021-01-12,ES-VC,ES52,Comunidad Valenciana,Pfizer/BioNTech,57223
2021-01-12,ES-EX,ES43,Extremadura,Pfizer/BioNTech,11346
2021-01-12,ES-GA,ES11,Galicia,Pfizer/BioNTech,33346
2021-01-12,ES-RI,ES23,La Rioja,Pfizer/BioNTech,3826
2021-01-12,ES-MD,ES30,Madrid,Pfizer/BioNTech,35949
2021-01-12,ES-MC,ES62,Murcia,Pfizer/BioNTech,16191
2021-01-12,ES-NC,ES22,Navarra,Pfizer/BioNTech,6557
2021-01-12,ES-PV,ES21,País Vasco,Pfizer/BioNTech,15393
2021-01-12,ES-CE,ES63,Ceuta,Pfizer/BioNTech,758
2021-01-12,ES-ML,ES64,Melilla,Pfizer/BioNTech,1005
2021-01-13,ES-AN,ES61,Andalucía,Pfizer/BioNTech,109831
2021-01-13,ES-AR,ES24,Aragón,Pfizer/BioNTech,17043
2021-01-13,ES-AS,ES12,Asturias,Pfizer/BioNTech,25278
2021-01-13,ES-IB,ES53,Islas Baleares,Pfizer/BioNTech,4931
2021-01-13,ES-CN,ES70,Canarias,Pfizer/BioNTech,22290
2021-01-13,ES-CB,ES13,Cantabria,Pfizer/BioNTech,11302
2021-01-13,ES-CL,ES41,Castilla y León,Pfizer/BioNTech,48243
2021-01-13,ES-CM,ES42,Castilla-La Mancha,Pfizer/BioNTech,26879
2021-01-13,ES-CT,ES51,Cataluña,Pfizer/BioNTech,92133
2021-01-13,ES-VC,ES52,Comunidad Valenciana,Pfizer/BioNTech,70870
2021-01-13,ES-EX,ES43,Extremadura,Pfizer/BioNTech,14293
2021-01-13,ES-GA,ES11,Galicia,Pfizer/BioNTech,37745
2021-01-13,ES-RI,ES23,La Rioja,Pfizer/BioNTech,4651
2021-01-13,ES-MD,ES30,Madrid,Pfizer/BioNTech,49228
2021-01-13,ES-MC,ES62,Murcia,Pfizer/BioNTech,19905
2021-01-13,ES-NC,ES22,Navarra,Pfizer/BioNTech,7420
2021-01-13,ES-PV,ES21,País Vasco,Pfizer/BioNTech,17771
2021-01-13,ES-CE,ES63,Ceuta,Pfizer/BioNTech,820
2021-01-13,ES-ML,ES64,Melilla,Pfizer/BioNTech,1005
2021-01-14,ES-AN,ES61,Andalucía,Unknown,123459
2021-01-14,ES-AR,ES24,Aragón,Unknown,20854
2021-01-14,ES-AS,ES12,Asturias,Unknown,29074
2021-01-14,ES-IB,ES53,Islas Baleares,Unknown,7552
2021-01-14,ES-CN,ES70,Canarias,Unknown,25159
2021-01-14,ES-CB,ES13,Cantabria,Unknown,12779
2021-01-14,ES-CL,ES41,Castilla y León,Unknown,57969
2021-01-14,ES-CM,ES42,Castilla-La Mancha,Unknown,30613
2021-01-14,ES-CT,ES51,Cataluña,Unknown,105587
2021-01-14,ES-VC,ES52,Comunidad Valenciana,Unknown,80429
2021-01-14,ES-EX,ES43,Extremadura,Unknown,17862
2021-01-14,ES-GA,ES11,Galicia,Unknown,44014
2021-01-14,ES-RI,ES23,La Rioja,Unknown,5385
2021-01-14,ES-MD,ES30,Madrid,Unknown,63385
2021-01-14,ES-MC,ES62,Murcia,Unknown,21739
2021-01-14,ES-NC,ES22,Navarra,Unknown,8314
2021-01-14,ES-PV,ES21,País Vasco,Unknown,20003
2021-01-14,ES-CE,ES63,Ceuta,Unknown,911
2021-01-14,ES-ML,ES64,Melilla,Unknown,1098
2021-01-15,ES-AN,ES61,Andalucía,Unknown,139718
2021-01-15,ES-AR,ES24,Aragón,Unknown,23619
2021-01-15,ES-AS,ES12,Asturias,Unknown,31247
2021-01-15,ES-IB,ES53,Islas Baleares,Unknown,9366
2021-01-15,ES-CN,ES70,Canarias,Unknown,30732
2021-01-15,ES-CB,ES13,Cantabria,Unknown,14639
2021-01-15,ES-CL,ES41,Castilla y León,Unknown,59411
2021-01-15,ES-CM,ES42,Castilla-La Mancha,Unknown,33809
2021-01-15,ES-CT,ES51,Cataluña,Unknown,122577
2021-01-15,ES-VC,ES52,Comunidad Valenciana,Unknown,86927
2021-01-15,ES-EX,ES43,Extremadura,Unknown,22322
2021-01-15,ES-GA,ES11,Galicia,Unknown,49768
2021-01-15,ES-RI,ES23,La Rioja,Unknown,5953
2021-01-15,ES-MD,ES30,Madrid,Unknown,77921
2021-01-15,ES-MC,ES62,Murcia,Unknown,27001
2021-01-15,ES-NC,ES22,Navarra,Unknown,9305
2021-01-15,ES-PV,ES21,País Vasco,Unknown,22464
2021-01-15,ES-CE,ES63,Ceuta,Unknown,941
2021-01-15,ES-ML,ES64,Melilla,Unknown,1230
2021-01-18,ES-AN,ES61,Andalucía,Unknown,151404
2021-01-18,ES-AR,ES24,Aragón,Unknown,25133
2021-01-18,ES-AS,ES12,Asturias,Unknown,33572
2021-01-18,ES-IB,ES53,Islas Baleares,Unknown,13750
2021-01-18,ES-CN,ES70,Canarias,Unknown,42113
2021-01-18,ES-CB,ES13,Cantabria,Unknown,17724
2021-01-18,ES-CL,ES41,Castilla y León,Unknown,67079
2021-01-18,ES-CM,ES42,Castilla-La Mancha,Unknown,38321
2021-01-18,ES-CT,ES51,Cataluña,Unknown,145073
2021-01-18,ES-VC,ES52,Comunidad Valenciana,Unknown,93695
2021-01-18,ES-EX,ES43,Extremadura,Unknown,27613
2021-01-18,ES-GA,ES11,Galicia,Unknown,56481
2021-01-18,ES-RI,ES23,La Rioja,Unknown,7761
2021-01-18,ES-MD,ES30,Madrid,Unknown,104490
2021-01-18,ES-MC,ES62,Murcia,Unknown,34103
2021-01-18,ES-NC,ES22,Navarra,Unknown,11834
2021-01-18,ES-PV,ES21,País Vasco,Unknown,25526
2021-01-18,ES-CE,ES63,Ceuta,Unknown,981
2021-01-18,ES-ML,ES64,Melilla,Unknown,1289
2021-01-19,ES-AN,ES61,Andalucía,Unknown,164820
2021-01-19,ES-AR,ES24,Aragón,Unknown,28316
2021-01-19,ES-AS,ES12,Asturias,Unknown,34293
2021-01-19,ES-IB,ES53,Islas Baleares,Unknown,14658
2021-01-19,ES-CN,ES70,Canarias,Unknown,43209
2021-01-19,ES-CB,ES13,Cantabria,Unknown,18967
2021-01-19,ES-CL,ES41,Castilla y León,Unknown,70885
2021-01-19,ES-CM,ES42,Castilla-La Mancha,Unknown,43682
2021-01-19,ES-CT,ES51,Cataluña,Unknown,156627
2021-01-19,ES-VC,ES52,Comunidad Valenciana,Unknown,95260
2021-01-19,ES-EX,ES43,Extremadura,Unknown,29125
2021-01-19,ES-GA,ES11,Galicia,Unknown,57871
2021-01-19,ES-RI,ES23,La Rioja,Unknown,8049
2021-01-19,ES-MD,ES30,Madrid,Unknown,120168
2021-01-19,ES-MC,ES62,Murcia,Unknown,36730
2021-01-19,ES-NC,ES22,Navarra,Unknown,12991
2021-01-19,ES-PV,ES21,País Vasco,Unknown,28069
2021-01-19,ES-CE,ES63,Ceuta,Unknown,1080
2021-01-19,ES-ML,ES64,Melilla,Unknown,1297
2021-01-20,ES-AN,ES61,Andalucía,Unknown,174279
2021-01-20,ES-AR,ES24,Aragón,Unknown,33734
2021-01-20,ES-AS,ES12,Asturias,Unknown,36054
2021-01-20,ES-IB,ES53,Islas Baleares,Unknown,15697
2021-01-20,ES-CN,ES70,Canarias,Unknown,43599
2021-01-20,ES-CB,ES13,Cantabria,Unknown,19473
2021-01-20,ES-CL,ES41,Castilla y León,Unknown,74350
2021-01-20,ES-CM,ES42,Castilla-La Mancha,Unknown,48755
2021-01-20,ES-CT,ES51,Cataluña,Unknown,162830
2021-01-20,ES-VC,ES52,Comunidad Valenciana,Unknown,99932
2021-01-20,ES-EX,ES43,Extremadura,Unknown,30941
2021-01-20,ES-GA,ES11,Galicia,Unknown,59104
2021-01-20,ES-RI,ES23,La Rioja,Unknown,8335
2021-01-20,ES-MD,ES30,Madrid,Unknown,129194
2021-01-20,ES-MC,ES62,Murcia,Unknown,39142
2021-01-20,ES-NC,ES22,Navarra,Unknown,14559
2021-01-20,ES-PV,ES21,País Vasco,Unknown,33523
2021-01-20,ES-CE,ES63,Ceuta,Unknown,1110
2021-01-20,ES-ML,ES64,Melilla,Unknown,1326
2021-01-21,ES-AN,ES61,Andalucía,Unknown,194101
2021-01-21,ES-AR,ES24,Aragón,Unknown,38170
2021-01-21,ES-AS,ES12,Asturias,Unknown,40011
2021-01-21,ES-IB,ES53,Islas Baleares,Unknown,18105
2021-01-21,ES-CN,ES70,Canarias,Unknown,45482
2021-01-21,ES-CB,ES13,Cantabria,Unknown,19980
2021-01-21,ES-CL,ES41,Castilla y León,Unknown,82162
2021-01-21,ES-CM,ES42,Castilla-La Mancha,Unknown,53880
2021-01-21,ES-CT,ES51,Cataluña,Unknown,168054
2021-01-21,ES-VC,ES52,Comunidad Valenciana,Unknown,101437
2021-01-21,ES-EX,ES43,Extremadura,Unknown,32039
2021-01-21,ES-GA,ES11,Galicia,Unknown,62011
2021-01-21,ES-RI,ES23,La Rioja,Unknown,8684
2021-01-21,ES-MD,ES30,Madrid,Unknown,142765
2021-01-21,ES-MC,ES62,Murcia,Unknown,40757
2021-01-21,ES-NC,ES22,Navarra,Unknown,15754
2021-01-21,ES-PV,ES21,País Vasco,Unknown,36864
2021-01-21,ES-CE,ES63,Ceuta,Unknown,1545
2021-01-21,ES-ML,ES64,Melilla,Unknown,1500
2021-01-22,ES-AN,ES61,Andalucía,Unknown,209766
2021-01-22,ES-AR,ES24,Aragón,Unknown,41287
2021-01-22,ES-AS,ES12,Asturias,Unknown,41465
2021-01-22,ES-IB,ES53,Islas Baleares,Unknown,20499
2021-01-22,ES-CN,ES70,Canarias,Unknown,47068
2021-01-22,ES-CB,ES13,Cantabria,Unknown,20462
2021-01-22,ES-CL,ES41,Castilla y León,Unknown,86370
2021-01-22,ES-CM,ES42,Castilla-La Mancha,Unknown,57031
2021-01-22,ES-CT,ES51,Cataluña,Unknown,173147
2021-01-22,ES-VC,ES52,Comunidad Valenciana,Unknown,103426
2021-01-22,ES-EX,ES43,Extremadura,Unknown,32979
2021-01-22,ES-GA,ES11,Galicia,Unknown,65394
2021-01-22,ES-RI,ES23,La Rioja,Unknown,8967
2021-01-22,ES-MD,ES30,Madrid,Unknown,154778
2021-01-22,ES-MC,ES62,Murcia,Unknown,42261
2021-01-22,ES-NC,ES22,Navarra,Unknown,16310
2021-01-22,ES-PV,ES21,País Vasco,Unknown,41474
2021-01-22,ES-CE,ES63,Ceuta,Unknown,1641
2021-01-22,ES-ML,ES64,Melilla,Unknown,1500
2021-01-25,ES-AN,ES61,Andalucía,Unknown,226309
2021-01-25,ES-AR,ES24,Aragón,Unknown,42539
2021-01-25,ES-AS,ES12,Asturias,Unknown,43926
2021-01-25,ES-IB,ES53,Islas Baleares,Unknown,22083
2021-01-25,ES-CN,ES70,Canarias,Unknown,50110
2021-01-25,ES-CB,ES13,Cantabria,Unknown,20463
2021-01-25,ES-CL,ES41,Castilla y León,Unknown,94057
2021-01-25,ES-CM,ES42,Castilla-La Mancha,Unknown,61388
2021-01-25,ES-CT,ES51,Cataluña,Unknown,184778
2021-01-25,ES-VC,ES52,Comunidad Valenciana,Unknown,104449
2021-01-25,ES-EX,ES43,Extremadura,Unknown,33125
2021-01-25,ES-GA,ES11,Galicia,Unknown,66873
2021-01-25,ES-RI,ES23,La Rioja,Unknown,9166
2021-01-25,ES-MD,ES30,Madrid,Unknown,165514
2021-01-25,ES-MC,ES62,Murcia,Unknown,46444
2021-01-25,ES-NC,ES22,Navarra,Unknown,17053
2021-01-25,ES-PV,ES21,País Vasco,Unknown,46124
2021-01-25,ES-CE,ES63,Ceuta,Unknown,1692
2021-01-25,ES-ML,ES64,Melilla,Unknown,1500
2021-01-26,ES-AN,ES61,Andalucía,Unknown,251172
2021-01-26,ES-AR,ES24,Aragón,Unknown,43531
2021-01-26,ES-AS,ES12,Asturias,Unknown,44087
2021-01-26,ES-IB,ES53,Islas Baleares,Unknown,22372
2021-01-26,ES-CN,ES70,Canarias,Unknown,52768
2021-01-26,ES-CB,ES13,Cantabria,Unknown,20743
2021-01-26,ES-CL,ES41,Castilla y León,Unknown,99536
2021-01-26,ES-CM,ES42,Castilla-La Mancha,Unknown,64349
2021-01-26,ES-CT,ES51,Cataluña,Unknown,182713
2021-01-26,ES-VC,ES52,Comunidad Valenciana,Unknown,105490
2021-01-26,ES-EX,ES43,Extremadura,Unknown,35441
2021-01-26,ES-GA,ES11,Galicia,Unknown,70384
2021-01-26,ES-RI,ES23,La Rioja,Unknown,9387
2021-01-26,ES-MD,ES30,Madrid,Unknown,169501
2021-01-26,ES-MC,ES62,Murcia,Unknown,48652
2021-01-26,ES-NC,ES22,Navarra,Unknown,18703
2021-01-26,ES-PV,ES21,País Vasco,Unknown,48927
2021-01-26,ES-CE,ES63,Ceuta,Unknown,1829
2021-01-26,ES-ML,ES64,Melilla,Unknown,1631
2021-01-27,ES-AN,ES61,Andalucía,Unknown,257976
2021-01-27,ES-AR,ES24,Aragón,Unknown,47835
2021-01-27,ES-AS,ES12,Asturias,Unknown,49077
2021-01-27,ES-IB,ES53,Islas Baleares,Unknown,23603
2021-01-27,ES-CN,ES70,Canarias,Unknown,54653
2021-01-27,ES-CB,ES13,Cantabria,Unknown,20910
2021-01-27,ES-CL,ES41,Castilla y León,Unknown,104197
2021-01-27,ES-CM,ES42,Castilla-La Mancha,Unknown,68522
2021-01-27,ES-CT,ES51,Cataluña,Unknown,201650
2021-01-27,ES-VC,ES52,Comunidad Valenciana,Unknown,108454
2021-01-27,ES-EX,ES43,Extremadura,Unknown,37790
2021-01-27,ES-GA,ES11,Galicia,Unknown,72676
2021-01-27,ES-RI,ES23,La Rioja,Unknown,9618
2021-01-27,ES-MD,ES30,Madrid,Unknown,174094
2021-01-27,ES-MC,ES62,Murcia,Unknown,50957
2021-01-27,ES-NC,ES22,Navarra,Unknown,20057
2021-01-27,ES-PV,ES21,País Vasco,Unknown,50850
2021-01-27,ES-CE,ES63,Ceuta,Unknown,1829
2021-01-27,ES-ML,ES64,Melilla,Unknown,1713
2021-01-28,ES-AN,ES61,Andalucía,Unknown,265620
2021-01-28,ES-AR,ES24,Aragón,Unknown,49453
2021-01-28,ES-AS,ES12,Asturias,Unknown,49857
2021-01-28,ES-IB,ES53,Islas Baleares,Unknown,23540
2021-01-28,ES-CN,ES70,Canarias,Unknown,56385
2021-01-28,ES-CB,ES13,Cantabria,Unknown,21469
2021-01-28,ES-CL,ES41,Castilla y León,Unknown,108203
2021-01-28,ES-CM,ES42,Castilla-La Mancha,Unknown,71484
2021-01-28,ES-CT,ES51,Cataluña,Unknown,208177
2021-01-28,ES-VC,ES52,Comunidad Valenciana,Unknown,109716
2021-01-28,ES-EX,ES43,Extremadura,Unknown,39821
2021-01-28,ES-GA,ES11,Galicia,Unknown,74278
2021-01-28,ES-RI,ES23,La Rioja,Unknown,10283
2021-01-28,ES-MD,ES30,Madrid,Unknown,177972
2021-01-28,ES-MC,ES62,Murcia,Unknown,53447
2021-01-28,ES-NC,ES22,Navarra,Unknown,21007
2021-01-28,ES-PV,ES21,País Vasco,Unknown,51436
2021-01-28,ES-CE,ES63,Ceuta,Unknown,1757
2021-01-28,ES-ML,ES64,Melilla,Unknown,1713
2021-01-29,ES-AN,ES61,Andalucía,Unknown,282995
2021-01-29,ES-AR,ES24,Aragón,Unknown,53937
2021-01-29,ES-AS,ES12,Asturias,Unknown,52919
2021-01-29,ES-IB,ES53,Islas Baleares,Unknown,25041
2021-01-29,ES-CN,ES70,Canarias,Unknown,60180
2021-01-29,ES-CB,ES13,Cantabria,Unknown,21641
2021-01-29,ES-CL,ES41,Castilla y León,Unknown,114743
2021-01-29,ES-CM,ES42,Castilla-La Mancha,Unknown,77765
2021-01-29,ES-CT,ES51,Cataluña,Unknown,222572
2021-01-29,ES-VC,ES52,Comunidad Valenciana,Unknown,112272
2021-01-29,ES-EX,ES43,Extremadura,Unknown,41961
2021-01-29,ES-GA,ES11,Galicia,Unknown,78772
2021-01-29,ES-RI,ES23,La Rioja,Unknown,10820
2021-01-29,ES-MD,ES30,Madrid,Unknown,183458
2021-01-29,ES-MC,ES62,Murcia,Unknown,55082
2021-01-29,ES-NC,ES22,Navarra,Unknown,22430
2021-01-29,ES-PV,ES21,País Vasco,Unknown,53839
2021-01-29,ES-CE,ES63,Ceuta,Unknown,1828
2021-01-29,ES-ML,ES64,Melilla,Unknown,1934
2021-02-01,ES-AN,ES61,Andalucía,Unknown,299792
2021-02-01,ES-AR,ES24,Aragón,Unknown,55292
2021-02-01,ES-AS,ES12,Asturias,Unknown,58112
2021-02-01,ES-IB,ES53,Islas Baleares,Unknown,25559
2021-02-01,ES-CN,ES70,Canarias,Unknown,64475
2021-02-01,ES-CB,ES13,Cantabria,Unknown,23626
2021-02-01,ES-CL,ES41,Castilla y León,Unknown,124225
2021-02-01,ES-CM,ES42,Castilla-La Mancha,Unknown,84605
2021-02-01,ES-CT,ES51,Cataluña,Unknown,256555
2021-02-01,ES-VC,ES52,Comunidad Valenciana,Unknown,136109
2021-02-01,ES-EX,ES43,Extremadura,Unknown,47342
2021-02-01,ES-GA,ES11,Galicia,Unknown,85718
2021-02-01,ES-RI,ES23,La Rioja,Unknown,11790
2021-02-01,ES-MD,ES30,Madrid,Unknown,190943
2021-02-01,ES-MC,ES62,Murcia,Unknown,58737
2021-02-01,ES-NC,ES22,Navarra,Unknown,25116
2021-02-01,ES-PV,ES21,País Vasco,Unknown,57262
2021-02-01,ES-CE,ES63,Ceuta,Unknown,1890
2021-02-01,ES-ML,ES64,Melilla,Unknown,2113
2021-02-02,ES-AN,ES61,Andalucía,Unknown,313286
2021-02-02,ES-AR,ES24,Aragón,Unknown,56482
2021-02-02,ES-AS,ES12,Asturias,Unknown,58177
2021-02-02,ES-IB,ES53,Islas Baleares,Unknown,25963
2021-02-02,ES-CN,ES70,Canarias,Unknown,67783
2021-02-02,ES-CB,ES13,Cantabria,Unknown,25067
2021-02-02,ES-CL,ES41,Castilla y León,Unknown,126362
2021-02-02,ES-CM,ES42,Castilla-La Mancha,Unknown,88888
2021-02-02,ES-CT,ES51,Cataluña,Unknown,261562
2021-02-02,ES-VC,ES52,Comunidad Valenciana,Unknown,147945
2021-02-02,ES-EX,ES43,Extremadura,Unknown,49703
2021-02-02,ES-GA,ES11,Galicia,Unknown,87736
2021-02-02,ES-RI,ES23,La Rioja,Unknown,13215
2021-02-02,ES-MD,ES30,Madrid,Unknown,199495
2021-02-02,ES-MC,ES62,Murcia,Unknown,60731
2021-02-02,ES-NC,ES22,Navarra,Unknown,26779
2021-02-02,ES-PV,ES21,País Vasco,Unknown,59582
2021-02-02,ES-CE,ES63,Ceuta,Unknown,1950
2021-02-02,ES-ML,ES64,Melilla,Unknown,2348
2021-02-03,ES-AN,ES61,Andalucía,Unknown,329258
2021-02-03,ES-AR,ES24,Aragón,Unknown,61036
2021-02-03,ES-AS,ES12,Asturias,Unknown,61483
2021-02-03,ES-IB,ES53,Islas Baleares,Unknown,26240
2021-02-03,ES-CN,ES70,Canarias,Unknown,70794
2021-02-03,ES-CB,ES13,Cantabria,Unknown,26718
2021-02-03,ES-CL,ES41,Castilla y León,Unknown,132496
2021-02-03,ES-CM,ES42,Castilla-La Mancha,Unknown,92702
2021-02-03,ES-CT,ES51,Cataluña,Unknown,273724
2021-02-03,ES-VC,ES52,Comunidad Valenciana,Unknown,162563
2021-02-03,ES-EX,ES43,Extremadura,Unknown,52880
2021-02-03,ES-GA,ES11,Galicia,Unknown,90643
2021-02-03,ES-RI,ES23,La Rioja,Unknown,14118
2021-02-03,ES-MD,ES30,Madrid,Unknown,211857
2021-02-03,ES-MC,ES62,Murcia,Unknown,63008
2021-02-03,ES-NC,ES22,Navarra,Unknown,28199
2021-02-03,ES-PV,ES21,País Vasco,Unknown,62679
2021-02-03,ES-CE,ES63,Ceuta,Unknown,2008
2021-02-03,ES-ML,ES64,Melilla,Unknown,2372
2021-02-04,ES-AN,ES61,Andalucía,Unknown,345648
2021-02-04,ES-AR,ES24,Aragón,Unknown,65979
2021-02-04,ES-AS,ES12,Asturias,Unknown,65301
2021-02-04,ES-IB,ES53,Islas Baleares,Unknown,29366
2021-02-04,ES-CN,ES70,Canarias,Unknown,75334
2021-02-04,ES-CB,ES13,Cantabria,Unknown,27989
2021-02-04,ES-CL,ES41,Castilla y León,Unknown,138856
2021-02-04,ES-CM,ES42,Castilla-La Mancha,Unknown,97353
2021-02-04,ES-CT,ES51,Cataluña,Unknown,285829
2021-02-04,ES-VC,ES52,Comunidad Valenciana,Unknown,172754
2021-02-04,ES-EX,ES43,Extremadura,Unknown,56839
2021-02-04,ES-GA,ES11,Galicia,Unknown,96650
2021-02-04,ES-RI,ES23,La Rioja,Unknown,15374
2021-02-04,ES-MD,ES30,Madrid,Unknown,226074
2021-02-04,ES-MC,ES62,Murcia,Unknown,66361
2021-02-04,ES-NC,ES22,Navarra,Unknown,29954
2021-02-04,ES-PV,ES21,País Vasco,Unknown,65194
2021-02-04,ES-CE,ES63,Ceuta,Unknown,2104
2021-02-04,ES-ML,ES64,Melilla,Unknown,2383
2021-02-05,ES-AN,ES61,Andalucía,Unknown,363482
2021-02-05,ES-AR,ES24,Aragón,Unknown,72656
2021-02-05,ES-AS,ES12,Asturias,Unknown,68626
2021-02-05,ES-IB,ES53,Islas Baleares,Unknown,31496
2021-02-05,ES-CN,ES70,Canarias,Unknown,79839
2021-02-05,ES-CB,ES13,Cantabria,Unknown,29864
2021-02-05,ES-CL,ES41,Castilla y León,Unknown,151008
2021-02-05,ES-CM,ES42,Castilla-La Mancha,Unknown,102033
2021-02-05,ES-CT,ES51,Cataluña,Unknown,308695
2021-02-05,ES-VC,ES52,Comunidad Valenciana,Unknown,182225
2021-02-05,ES-EX,ES43,Extremadura,Unknown,61952
2021-02-05,ES-GA,ES11,Galicia,Unknown,96947
2021-02-05,ES-RI,ES23,La Rioja,Unknown,16622
2021-02-05,ES-MD,ES30,Madrid,Unknown,246003
2021-02-05,ES-MC,ES62,Murcia,Unknown,72359
2021-02-05,ES-NC,ES22,Navarra,Unknown,31446
2021-02-05,ES-PV,ES21,País Vasco,Unknown,68359
2021-02-05,ES-CE,ES63,Ceuta,Unknown,2156
2021-02-05,ES-ML,ES64,Melilla,Unknown,2392
2021-02-08,ES-AN,ES61,Andalucía,Unknown,378943
2021-02-08,ES-AR,ES24,Aragón,Unknown,74650
2021-02-08,ES-AS,ES12,Asturias,Unknown,71784
2021-02-08,ES-IB,ES53,Islas Baleares,Unknown,35683
2021-02-08,ES-CN,ES70,Canarias,Unknown,84330
2021-02-08,ES-CB,ES13,Cantabria,Unknown,34215
2021-02-08,ES-CL,ES41,Castilla y León,Unknown,161020
2021-02-08,ES-CM,ES42,Castilla-La Mancha,Unknown,104988
2021-02-08,ES-CT,ES51,Cataluña,Unknown,317222
2021-02-08,ES-VC,ES52,Comunidad Valenciana,Unknown,190902
2021-02-08,ES-EX,ES43,Extremadura,Unknown,68006
2021-02-08,ES-GA,ES11,Galicia,Unknown,110996
2021-02-08,ES-RI,ES23,La Rioja,Unknown,17803
2021-02-08,ES-MD,ES30,Madrid,Unknown,266831
2021-02-08,ES-MC,ES62,Murcia,Unknown,75792
2021-02-08,ES-NC,ES22,Navarra,Unknown,34273
2021-02-08,ES-PV,ES21,País Vasco,Unknown,72979
2021-02-08,ES-CE,ES63,Ceuta,Unknown,2218
2021-02-08,ES-ML,ES64,Melilla,Unknown,2398
2021-02-09,ES-AN,ES61,Andalucía,Unknown,390077
2021-02-09,ES-AR,ES24,Aragón,Unknown,75586
2021-02-09,ES-AS,ES12,Asturias,Unknown,72787
2021-02-09,ES-IB,ES53,Islas Baleares,Unknown,36655
2021-02-09,ES-CN,ES70,Canarias,Unknown,85250
2021-02-09,ES-CB,ES13,Cantabria,Unknown,35347
2021-02-09,ES-CL,ES41,Castilla y León,Unknown,161781
2021-02-09,ES-CM,ES42,Castilla-La Mancha,Unknown,106646
2021-02-09,ES-CT,ES51,Cataluña,Unknown,328789
2021-02-09,ES-VC,ES52,Comunidad Valenciana,Unknown,196489
2021-02-09,ES-EX,ES43,Extremadura,Unknown,69271
2021-02-09,ES-GA,ES11,Galicia,Unknown,114111
2021-02-09,ES-RI,ES23,La Rioja,Unknown,18324
2021-02-09,ES-MD,ES30,Madrid,Unknown,282690
2021-02-09,ES-MC,ES62,Murcia,Unknown,77602
2021-02-09,ES-NC,ES22,Navarra,Unknown,35585
2021-02-09,ES-PV,ES21,País Vasco,Unknown,75634
2021-02-09,ES-CE,ES63,Ceuta,Unknown,2218
2021-02-09,ES-ML,ES64,Melilla,Unknown,2399
2021-02-10,ES-AN,ES61,Andalucía,Unknown,401714
2021-02-10,ES-AR,ES24,Aragón,Unknown,80211
2021-02-10,ES-AS,ES12,Asturias,Unknown,75118
2021-02-10,ES-IB,ES53,Islas Baleares,Unknown,37685
2021-02-10,ES-CN,ES70,Canarias,Unknown,86467
2021-02-10,ES-CB,ES13,Cantabria,Unknown,36320
2021-02-10,ES-CL,ES41,Castilla y León,Unknown,168030
2021-02-10,ES-CM,ES42,Castilla-La Mancha,Unknown,109636
2021-02-10,ES-CT,ES51,Cataluña,Unknown,340729
2021-02-10,ES-VC,ES52,Comunidad Valenciana,Unknown,201983
2021-02-10,ES-EX,ES43,Extremadura,Unknown,71334
2021-02-10,ES-GA,ES11,Galicia,Unknown,114462
2021-02-10,ES-RI,ES23,La Rioja,Unknown,18970
2021-02-10,ES-MD,ES30,Madrid,Unknown,294615
2021-02-10,ES-MC,ES62,Murcia,Unknown,78988
2021-02-10,ES-NC,ES22,Navarra,Unknown,36677
2021-02-10,ES-PV,ES21,País Vasco,Unknown,75634
2021-02-10,ES-CE,ES63,Ceuta,Unknown,2277
2021-02-10,ES-ML,ES64,Melilla,Unknown,2399
2021-02-11,ES-AN,ES61,Andalucía,Unknown,415015
2021-02-11,ES-AR,ES24,Aragón,Unknown,84487
2021-02-11,ES-AS,ES12,Asturias,Unknown,77168
2021-02-11,ES-IB,ES53,Islas Baleares,Unknown,38969
2021-02-11,ES-CN,ES70,Canarias,Unknown,86467
2021-02-11,ES-CB,ES13,Cantabria,Unknown,38217
2021-02-11,ES-CL,ES41,Castilla y León,Unknown,172686
2021-02-11,ES-CM,ES42,Castilla-La Mancha,Unknown,113637
2021-02-11,ES-CT,ES51,Cataluña,Unknown,357875
2021-02-11,ES-VC,ES52,Comunidad Valenciana,Unknown,208242
2021-02-11,ES-EX,ES43,Extremadura,Unknown,73439
2021-02-11,ES-GA,ES11,Galicia,Unknown,117783
2021-02-11,ES-RI,ES23,La Rioja,Unknown,19428
2021-02-11,ES-MD,ES30,Madrid,Unknown,308047
2021-02-11,ES-MC,ES62,Murcia,Unknown,81470
2021-02-11,ES-NC,ES22,Navarra,Unknown,38016
2021-02-11,ES-PV,ES21,País Vasco,Unknown,84459
2021-02-11,ES-CE,ES63,Ceuta,Unknown,2559
2021-02-11,ES-ML,ES64,Melilla,Unknown,2543
2021-02-12,ES-AN,ES61,Andalucía,Unknown,431642
2021-02-12,ES-AR,ES24,Aragón,Unknown,88297
2021-02-12,ES-AS,ES12,Asturias,Unknown,78446
2021-02-12,ES-IB,ES53,Islas Baleares,Unknown,40624
2021-02-12,ES-CN,ES70,Canarias,Unknown,99316
2021-02-12,ES-CB,ES13,Cantabria,Unknown,39707
2021-02-12,ES-CL,ES41,Castilla y León,Unknown,178831
2021-02-12,ES-CM,ES42,Castilla-La Mancha,Unknown,117671
2021-02-12,ES-CT,ES51,Cataluña,Unknown,376519
2021-02-12,ES-VC,ES52,Comunidad Valenciana,Unknown,214010
2021-02-12,ES-EX,ES43,Extremadura,Unknown,75603
2021-02-12,ES-GA,ES11,Galicia,Unknown,124733
2021-02-12,ES-RI,ES23,La Rioja,Unknown,19968
2021-02-12,ES-MD,ES30,Madrid,Unknown,319144
2021-02-12,ES-MC,ES62,Murcia,Unknown,84111
2021-02-12,ES-NC,ES22,Navarra,Unknown,39196
2021-02-12,ES-PV,ES21,País Vasco,Unknown,89883
2021-02-12,ES-CE,ES63,Ceuta,Unknown,2697
2021-02-12,ES-ML,ES64,Melilla,Unknown,2647
2021-02-15,ES-AN,ES61,Andalucía,Unknown,457018
2021-02-15,ES-AR,ES24,Aragón,Unknown,91343
2021-02-15,ES-AS,ES12,Asturias,Unknown,80484
2021-02-15,ES-IB,ES53,Islas Baleares,Unknown,43862
2021-02-15,ES-CN,ES70,Canarias,Unknown,104706
2021-02-15,ES-CB,ES13,Cantabria,Unknown,42494
2021-02-15,ES-CL,ES41,Castilla y León,Unknown,186398
2021-02-15,ES-CM,ES42,Castilla-La Mancha,Unknown,125951
2021-02-15,ES-CT,ES51,Cataluña,Unknown,402742
2021-02-15,ES-VC,ES52,Comunidad Valenciana,Unknown,219822
2021-02-15,ES-EX,ES43,Extremadura,Unknown,78038
2021-02-15,ES-GA,ES11,Galicia,Unknown,134518
2021-02-15,ES-RI,ES23,La Rioja,Unknown,21095
2021-02-15,ES-MD,ES30,Madrid,Unknown,338333
2021-02-15,ES-MC,ES62,Murcia,Unknown,90378
2021-02-15,ES-NC,ES22,Navarra,Unknown,40295
2021-02-15,ES-PV,ES21,País Vasco,Unknown,97787
2021-02-15,ES-CE,ES63,Ceuta,Unknown,3522
2021-02-15,ES-ML,ES64,Melilla,Unknown,2822
2021-02-16,ES-AN,ES61,Andalucía,Unknown,468983
2021-02-16,ES-AR,ES24,Aragón,Unknown,93512
2021-02-16,ES-AS,ES12,Asturias,Unknown,81941
2021-02-16,ES-IB,ES53,Islas Baleares,Unknown,44573
2021-02-16,ES-CN,ES70,Canarias,Unknown,106747
2021-02-16,ES-CB,ES13,Cantabria,Unknown,43214
2021-02-16,ES-CL,ES41,Castilla y León,Unknown,190381
2021-02-16,ES-CM,ES42,Castilla-La Mancha,Unknown,129772
2021-02-16,ES-CT,ES51,Cataluña,Unknown,416165
2021-02-16,ES-VC,ES52,Comunidad Valenciana,Unknown,224560
2021-02-16,ES-EX,ES43,Extremadura,Unknown,80044
2021-02-16,ES-GA,ES11,Galicia,Unknown,137656
2021-02-16,ES-RI,ES23,La Rioja,Unknown,21676
2021-02-16,ES-MD,ES30,Madrid,Unknown,346408
2021-02-16,ES-MC,ES62,Murcia,Unknown,92527
2021-02-16,ES-NC,ES22,Navarra,Unknown,41235
2021-02-16,ES-PV,ES21,País Vasco,Unknown,98289
2021-02-16,ES-CE,ES63,Ceuta,Unknown,3759
2021-02-16,ES-ML,ES64,Melilla,Unknown,3070
2021-02-17,ES-AN,ES61,Andalucía,Unknown,485673
2021-02-17,ES-AR,ES24,Aragón,Unknown,96987
2021-02-17,ES-AS,ES12,Asturias,Unknown,83128
2021-02-17,ES-IB,ES53,Islas Baleares,Unknown,45348
2021-02-17,ES-CN,ES70,Canarias,Unknown,109051
2021-02-17,ES-CB,ES13,Cantabria,Unknown,43913
2021-02-17,ES-CL,ES41,Castilla y León,Unknown,196196
2021-02-17,ES-CM,ES42,Castilla-La Mancha,Unknown,132722
2021-02-17,ES-CT,ES51,Cataluña,Unknown,427525
2021-02-17,ES-VC,ES52,Comunidad Valenciana,Unknown,228180
2021-02-17,ES-EX,ES43,Extremadura,Unknown,82086
2021-02-17,ES-GA,ES11,Galicia,Unknown,138601
2021-02-17,ES-RI,ES23,La Rioja,Unknown,22032
2021-02-17,ES-MD,ES30,Madrid,Unknown,354258
2021-02-17,ES-MC,ES62,Murcia,Unknown,93705
2021-02-17,ES-NC,ES22,Navarra,Unknown,42492
2021-02-17,ES-PV,ES21,País Vasco,Unknown,101147
2021-02-17,ES-CE,ES63,Ceuta,Unknown,4111
2021-02-17,ES-ML,ES64,Melilla,Unknown,3302
2021-02-18,ES-AN,ES61,Andalucía,Unknown,506973
2021-02-18,ES-AR,ES24,Aragón,Unknown,101956
2021-02-18,ES-AS,ES12,Asturias,Unknown,85458
2021-02-18,ES-IB,ES53,Islas Baleares,Unknown,46824
2021-02-18,ES-CN,ES70,Canarias,Unknown,111897
2021-02-18,ES-CB,ES13,Cantabria,Unknown,44700
2021-02-18,ES-CL,ES41,Castilla y León,Unknown,202462
2021-02-18,ES-CM,ES42,Castilla-La Mancha,Unknown,137438
2021-02-18,ES-CT,ES51,Cataluña,Unknown,443181
2021-02-18,ES-VC,ES52,Comunidad Valenciana,Unknown,233828
2021-02-18,ES-EX,ES43,Extremadura,Unknown,85553
2021-02-18,ES-GA,ES11,Galicia,Unknown,142844
2021-02-18,ES-RI,ES23,La Rioja,Unknown,22749
2021-02-18,ES-MD,ES30,Madrid,Unknown,364384
2021-02-18,ES-MC,ES62,Murcia,Unknown,96682
2021-02-18,ES-NC,ES22,Navarra,Unknown,43893
2021-02-18,ES-PV,ES21,País Vasco,Unknown,104091
2021-02-18,ES-CE,ES63,Ceuta,Unknown,4434
2021-02-18,ES-ML,ES64,Melilla,Unknown,3404
2021-02-19,ES-AN,ES61,Andalucía,Unknown,561803
2021-02-19,ES-AR,ES24,Aragón,Unknown,106629
2021-02-19,ES-AS,ES12,Asturias,Unknown,90123
2021-02-19,ES-IB,ES53,Islas Baleares,Unknown,50921
2021-02-19,ES-CN,ES70,Canarias,Unknown,115542
2021-02-19,ES-CB,ES13,Cantabria,Unknown,45835
2021-02-19,ES-CL,ES41,Castilla y León,Unknown,208907
2021-02-19,ES-CM,ES42,Castilla-La Mancha,Unknown,140140
2021-02-19,ES-CT,ES51,Cataluña,Unknown,465569
2021-02-19,ES-VC,ES52,Comunidad Valenciana,Unknown,254502
2021-02-19,ES-EX,ES43,Extremadura,Unknown,89067
2021-02-19,ES-GA,ES11,Galicia,Unknown,149893
2021-02-19,ES-RI,ES23,La Rioja,Unknown,23349
2021-02-19,ES-MD,ES30,Madrid,Unknown,372775
2021-02-19,ES-MC,ES62,Murcia,Unknown,99781
2021-02-19,ES-NC,ES22,Navarra,Unknown,45364
2021-02-19,ES-PV,ES21,País Vasco,Unknown,107391
2021-02-19,ES-CE,ES63,Ceuta,Unknown,4695
2021-02-19,ES-ML,ES64,Melilla,Unknown,3725
2021-02-22,ES-AN,ES61,Andalucía,Unknown,607552
2021-02-22,ES-AR,ES24,Aragón,Unknown,109318
2021-02-22,ES-AS,ES12,Asturias,Unknown,96325
2021-02-22,ES-IB,ES53,Islas Baleares,Unknown,52721
2021-02-22,ES-CN,ES70,Canarias,Unknown,119426
2021-02-22,ES-CB,ES13,Cantabria,Unknown,48023
2021-02-22,ES-CL,ES41,Castilla y León,Unknown,218252
2021-02-22,ES-CM,ES42,Castilla-La Mancha,Unknown,143344
2021-02-22,ES-CT,ES51,Cataluña,Unknown,490411
2021-02-22,ES-VC,ES52,Comunidad Valenciana,Unknown,270007
2021-02-22,ES-EX,ES43,Extremadura,Unknown,92842
2021-02-22,ES-GA,ES11,Galicia,Unknown,163143
2021-02-22,ES-RI,ES23,La Rioja,Unknown,24189
2021-02-22,ES-MD,ES30,Madrid,Unknown,378839
2021-02-22,ES-MC,ES62,Murcia,Unknown,106418
2021-02-22,ES-NC,ES22,Navarra,Unknown,47557
2021-02-22,ES-PV,ES21,País Vasco,Unknown,112681
2021-02-22,ES-CE,ES63,Ceuta,Unknown,5209
2021-02-22,ES-ML,ES64,Melilla,Unknown,4094
2021-02-23,ES-AN,ES61,Andalucía,Unknown,626659
2021-02-23,ES-AR,ES24,Aragón,Unknown,111067
2021-02-23,ES-AS,ES12,Asturias,Unknown,99545
2021-02-23,ES-IB,ES53,Islas Baleares,Unknown,52801
2021-02-23,ES-CN,ES70,Canarias,Unknown,122304
2021-02-23,ES-CB,ES13,Cantabria,Unknown,48935
2021-02-23,ES-CL,ES41,Castilla y León,Unknown,223034
2021-02-23,ES-CM,ES42,Castilla-La Mancha,Unknown,146212
2021-02-23,ES-CT,ES51,Cataluña,Unknown,504270
2021-02-23,ES-VC,ES52,Comunidad Valenciana,Unknown,273978
2021-02-23,ES-EX,ES43,Extremadura,Unknown,94462
2021-02-23,ES-GA,ES11,Galicia,Unknown,170544
2021-02-23,ES-RI,ES23,La Rioja,Unknown,24905
2021-02-23,ES-MD,ES30,Madrid,Unknown,382180
2021-02-23,ES-MC,ES62,Murcia,Unknown,108290
2021-02-23,ES-NC,ES22,Navarra,Unknown,51816
2021-02-23,ES-PV,ES21,País Vasco,Unknown,114568
2021-02-23,ES-CE,ES63,Ceuta,Unknown,5526
2021-02-23,ES-ML,ES64,Melilla,Unknown,4095
2021-02-24,ES-AN,ES61,Andalucía,Unknown,653919
2021-02-24,ES-AR,ES24,Aragón,Unknown,115419
2021-02-24,ES-AS,ES12,Asturias,Unknown,104014
2021-02-24,ES-IB,ES53,Islas Baleares,Unknown,54156
2021-02-24,ES-CN,ES70,Canarias,Unknown,127794
2021-02-24,ES-CB,ES13,Cantabria,Unknown,51298
2021-02-24,ES-CL,ES41,Castilla y León,Unknown,229483
2021-02-24,ES-CM,ES42,Castilla-La Mancha,Unknown,150359
2021-02-24,ES-CT,ES51,Cataluña,Unknown,531016
2021-02-24,ES-VC,ES52,Comunidad Valenciana,Unknown,286962
2021-02-24,ES-EX,ES43,Extremadura,Unknown,98839
2021-02-24,ES-GA,ES11,Galicia,Unknown,179141
2021-02-24,ES-RI,ES23,La Rioja,Unknown,25411
2021-02-24,ES-MD,ES30,Madrid,Unknown,385692
2021-02-24,ES-MC,ES62,Murcia,Unknown,110564
2021-02-24,ES-NC,ES22,Navarra,Unknown,53145
2021-02-24,ES-PV,ES21,País Vasco,Unknown,117427
2021-02-24,ES-CE,ES63,Ceuta,Unknown,5705
2021-02-24,ES-ML,ES64,Melilla,Unknown,4334
2021-02-25,ES-AN,ES61,Andalucía,Unknown,688093
2021-02-25,ES-AR,ES24,Aragón,Unknown,120420
2021-02-25,ES-AS,ES12,Asturias,Unknown,109192
2021-02-25,ES-IB,ES53,Islas Baleares,Unknown,55834
2021-02-25,ES-CN,ES70,Canarias,Unknown,133624
2021-02-25,ES-CB,ES13,Cantabria,Unknown,53706
2021-02-25,ES-CL,ES41,Castilla y León,Unknown,236901
2021-02-25,ES-CM,ES42,Castilla-La Mancha,Unknown,154252
2021-02-25,ES-CT,ES51,Cataluña,Unknown,572114
2021-02-25,ES-VC,ES52,Comunidad Valenciana,Unknown,301372
2021-02-25,ES-EX,ES43,Extremadura,Unknown,102762
2021-02-25,ES-GA,ES11,Galicia,Unknown,189969
2021-02-25,ES-RI,ES23,La Rioja,Unknown,25917
2021-02-25,ES-MD,ES30,Madrid,Unknown,392366
2021-02-25,ES-MC,ES62,Murcia,Unknown,113949
2021-02-25,ES-NC,ES22,Navarra,Unknown,55427
2021-02-25,ES-PV,ES21,País Vasco,Unknown,119747
2021-02-25,ES-CE,ES63,Ceuta,Unknown,5956
2021-02-25,ES-ML,ES64,Melilla,Unknown,4557
2021-02-26,ES-AN,ES61,Andalucía,Unknown,724385
2021-02-26,ES-AR,ES24,Aragón,Unknown,126328
2021-02-26,ES-AS,ES12,Asturias,Unknown,109192
2021-02-26,ES-IB,ES53,Islas Baleares,Unknown,57292
2021-02-26,ES-CN,ES70,Canarias,Unknown,138557
2021-02-26,ES-CB,ES13,Cantabria,Unknown,56389
2021-02-26,ES-CL,ES41,Castilla y León,Unknown,245671
2021-02-26,ES-CM,ES42,Castilla-La Mancha,Unknown,160235
2021-02-26,ES-CT,ES51,Cataluña,Unknown,614048
2021-02-26,ES-VC,ES52,Comunidad Valenciana,Unknown,313175
2021-02-26,ES-EX,ES43,Extremadura,Unknown,107200
2021-02-26,ES-GA,ES11,Galicia,Unknown,200432
2021-02-26,ES-RI,ES23,La Rioja,Unknown,26699
2021-02-26,ES-MD,ES30,Madrid,Unknown,417627
2021-02-26,ES-MC,ES62,Murcia,Unknown,117831
2021-02-26,ES-NC,ES22,Navarra,Unknown,57034
2021-02-26,ES-PV,ES21,País Vasco,Unknown,122558
2021-02-26,ES-CE,ES63,Ceuta,Unknown,6272
2021-02-26,ES-ML,ES64,Melilla,Unknown,4710
2021-03-01,ES-AN,ES61,Andalucía,Unknown,769899
2021-03-01,ES-AR,ES24,Aragón,Unknown,130122
2021-03-01,ES-AS,ES12,Asturias,Unknown,117129
2021-03-01,ES-IB,ES53,Islas Baleares,Unknown,61342
2021-03-01,ES-CN,ES70,Canarias,Unknown,146120
2021-03-01,ES-CB,ES13,Cantabria,Unknown,59144
2021-03-01,ES-CL,ES41,Castilla y León,Unknown,257479
2021-03-01,ES-CM,ES42,Castilla-La Mancha,Unknown,162939
2021-03-01,ES-CT,ES51,Cataluña,Unknown,650327
2021-03-01,ES-VC,ES52,Comunidad Valenciana,Unknown,323505
2021-03-01,ES-EX,ES43,Extremadura,Unknown,111006
2021-03-01,ES-GA,ES11,Galicia,Unknown,217795
2021-03-01,ES-RI,ES23,La Rioja,Unknown,27386
2021-03-01,ES-MD,ES30,Madrid,Unknown,472599
2021-03-01,ES-MC,ES62,Murcia,Unknown,123364
2021-03-01,ES-NC,ES22,Navarra,Unknown,60697
2021-03-01,ES-PV,ES21,País Vasco,Unknown,127629
2021-03-01,ES-CE,ES63,Ceuta,Unknown,6273
2021-03-01,ES-ML,ES64,Melilla,Unknown,4710
2021-03-02,ES-AN,ES61,Andalucía,Unknown,774701
2021-03-02,ES-AR,ES24,Aragón,Unknown,131441
2021-03-02,ES-AS,ES12,Asturias,Unknown,118737
2021-03-02,ES-IB,ES53,Islas Baleares,Unknown,61659
2021-03-02,ES-CN,ES70,Canarias,Unknown,148158
2021-03-02,ES-CB,ES13,Cantabria,Unknown,59968
2021-03-02,ES-CL,ES41,Castilla y León,Unknown,263681
2021-03-02,ES-CM,ES42,Castilla-La Mancha,Unknown,164826
2021-03-02,ES-CT,ES51,Cataluña,Unknown,657774
2021-03-02,ES-VC,ES52,Comunidad Valenciana,Unknown,323505
2021-03-02,ES-EX,ES43,Extremadura,Unknown,112229
2021-03-02,ES-GA,ES11,Galicia,Unknown,223906
2021-03-02,ES-RI,ES23,La Rioja,Unknown,28978
2021-03-02,ES-MD,ES30,Madrid,Unknown,509698
2021-03-02,ES-MC,ES62,Murcia,Unknown,124534
2021-03-02,ES-NC,ES22,Navarra,Unknown,62070
2021-03-02,ES-PV,ES21,País Vasco,Unknown,131551
2021-03-02,ES-CE,ES63,Ceuta,Unknown,6334
2021-03-02,ES-ML,ES64,Melilla,Unknown,4984
2021-03-03,ES-AN,ES61,Andalucía,Unknown,796930
2021-03-03,ES-AR,ES24,Aragón,Unknown,134040
2021-03-03,ES-AS,ES12,Asturias,Unknown,121707
2021-03-03,ES-IB,ES53,Islas Baleares,Unknown,62033
2021-03-03,ES-CN,ES70,Canarias,Unknown,157037
2021-03-03,ES-CB,ES13,Cantabria,Unknown,62843
2021-03-03,ES-CL,ES41,Castilla y León,Unknown,272552
2021-03-03,ES-CM,ES42,Castilla-La Mancha,Unknown,169166
2021-03-03,ES-CT,ES51,Cataluña,Unknown,676590
2021-03-03,ES-VC,ES52,Comunidad Valenciana,Unknown,349392
2021-03-03,ES-EX,ES43,Extremadura,Unknown,116392
2021-03-03,ES-GA,ES11,Galicia,Unknown,233345
2021-03-03,ES-RI,ES23,La Rioja,Unknown,29849
2021-03-03,ES-MD,ES30,Madrid,Unknown,539372
2021-03-03,ES-MC,ES62,Murcia,Unknown,126784
2021-03-03,ES-NC,ES22,Navarra,Unknown,63690
2021-03-03,ES-PV,ES21,País Vasco,Unknown,136036
2021-03-03,ES-CE,ES63,Ceuta,Unknown,6435
2021-03-03,ES-ML,ES64,Melilla,Unknown,5127
2021-03-04,ES-AN,ES61,Andalucía,Unknown,834477
2021-03-04,ES-AR,ES24,Aragón,Unknown,141997
2021-03-04,ES-AS,ES12,Asturias,Unknown,124940
2021-03-04,ES-IB,ES53,Islas Baleares,Unknown,73188
2021-03-04,ES-CN,ES70,Canarias,Unknown,162363
2021-03-04,ES-CB,ES13,Cantabria,Unknown,64535
2021-03-04,ES-CL,ES41,Castilla y León,Unknown,281825
2021-03-04,ES-CM,ES42,Castilla-La Mancha,Unknown,176604
2021-03-04,ES-CT,ES51,Cataluña,Unknown,676590
2021-03-04,ES-VC,ES52,Comunidad Valenciana,Unknown,370712
2021-03-04,ES-EX,ES43,Extremadura,Unknown,121286
2021-03-04,ES-GA,ES11,Galicia,Unknown,244212
2021-03-04,ES-RI,ES23,La Rioja,Unknown,30675
2021-03-04,ES-MD,ES30,Madrid,Unknown,572673
2021-03-04,ES-MC,ES62,Murcia,Unknown,130138
2021-03-04,ES-NC,ES22,Navarra,Unknown,66248
2021-03-04,ES-PV,ES21,País Vasco,Unknown,144966
2021-03-04,ES-CE,ES63,Ceuta,Unknown,6435
2021-03-04,ES-ML,ES64,Melilla,Unknown,5228
2021-03-05,ES-AN,ES61,Andalucía,Unknown,878194
2021-03-05,ES-AR,ES24,Aragón,Unknown,150631
2021-03-05,ES-AS,ES12,Asturias,Unknown,128729
2021-03-05,ES-IB,ES53,Islas Baleares,Unknown,74598
2021-03-05,ES-CN,ES70,Canarias,Unknown,167802
2021-03-05,ES-CB,ES13,Cantabria,Unknown,66555
2021-03-05,ES-CL,ES41,Castilla y León,Unknown,293772
2021-03-05,ES-CM,ES42,Castilla-La Mancha,Unknown,195716
2021-03-05,ES-CT,ES51,Cataluña,Unknown,734794
2021-03-05,ES-VC,ES52,Comunidad Valenciana,Unknown,394016
2021-03-05,ES-EX,ES43,Extremadura,Unknown,125191
2021-03-05,ES-GA,ES11,Galicia,Unknown,255614
2021-03-05,ES-RI,ES23,La Rioja,Unknown,33316
2021-03-05,ES-MD,ES30,Madrid,Unknown,598738
2021-03-05,ES-MC,ES62,Murcia,Unknown,137200
2021-03-05,ES-NC,ES22,Navarra,Unknown,68249
2021-03-05,ES-PV,ES21,País Vasco,Unknown,155955
2021-03-05,ES-CE,ES63,Ceuta,Unknown,7104
2021-03-05,ES-ML,ES64,Melilla,Unknown,5403
2021-03-08,ES-AN,ES61,Andalucía,Unknown,933763
2021-03-08,ES-AR,ES24,Aragón,Unknown,153194
2021-03-08,ES-AS,ES12,Asturias,Unknown,133011
2021-03-08,ES-IB,ES53,Islas Baleares,Unknown,84205
2021-03-08,ES-CN,ES70,Canarias,Unknown,175271
2021-03-08,ES-CB,ES13,Cantabria,Unknown,68014
2021-03-08,ES-CL,ES41,Castilla y León,Unknown,306277
2021-03-08,ES-CM,ES42,Castilla-La Mancha,Unknown,201466
2021-03-08,ES-CT,ES51,Cataluña,Unknown,774027
2021-03-08,ES-VC,ES52,Comunidad Valenciana,Unknown,394021
2021-03-08,ES-EX,ES43,Extremadura,Unknown,129802
2021-03-08,ES-GA,ES11,Galicia,Unknown,270942
2021-03-08,ES-RI,ES23,La Rioja,Unknown,34780
2021-03-08,ES-MD,ES30,Madrid,Unknown,643424
2021-03-08,ES-MC,ES62,Murcia,Unknown,147188
2021-03-08,ES-NC,ES22,Navarra,Unknown,73784
2021-03-08,ES-PV,ES21,País Vasco,Unknown,175424
2021-03-08,ES-CE,ES63,Ceuta,Unknown,7634
2021-03-08,ES-ML,ES64,Melilla,Unknown,5964
2021-03-09,ES-AN,ES61,Andalucía,Unknown,951168
2021-03-09,ES-AR,ES24,Aragón,Unknown,155770
2021-03-09,ES-AS,ES12,Asturias,Unknown,136277
2021-03-09,ES-IB,ES53,Islas Baleares,Unknown,86720
2021-03-09,ES-CN,ES70,Canarias,Unknown,180030
2021-03-09,ES-CB,ES13,Cantabria,Unknown,68512
2021-03-09,ES-CL,ES41,Castilla y León,Unknown,314360
2021-03-09,ES-CM,ES42,Castilla-La Mancha,Unknown,205143
2021-03-09,ES-CT,ES51,Cataluña,Unknown,789183
2021-03-09,ES-VC,ES52,Comunidad Valenciana,Unknown,426373
2021-03-09,ES-EX,ES43,Extremadura,Unknown,131804
2021-03-09,ES-GA,ES11,Galicia,Unknown,278771
2021-03-09,ES-RI,ES23,La Rioja,Unknown,36734
2021-03-09,ES-MD,ES30,Madrid,Unknown,668040
2021-03-09,ES-MC,ES62,Murcia,Unknown,149364
2021-03-09,ES-NC,ES22,Navarra,Unknown,74287
2021-03-09,ES-PV,ES21,País Vasco,Unknown,181629
2021-03-09,ES-CE,ES63,Ceuta,Unknown,8177
2021-03-09,ES-ML,ES64,Melilla,Unknown,6306
2021-03-10,ES-AN,ES61,Andalucía,Unknown,971691
2021-03-10,ES-AR,ES24,Aragón,Unknown,158422
2021-03-10,ES-AS,ES12,Asturias,Unknown,140785
2021-03-10,ES-IB,ES53,Islas Baleares,Unknown,89104
2021-03-10,ES-CN,ES70,Canarias,Unknown,186871
2021-03-10,ES-CB,ES13,Cantabria,Unknown,70233
2021-03-10,ES-CL,ES41,Castilla y León,Unknown,325296
2021-03-10,ES-CM,ES42,Castilla-La Mancha,Unknown,212233
2021-03-10,ES-CT,ES51,Cataluña,Unknown,809732
2021-03-10,ES-VC,ES52,Comunidad Valenciana,Unknown,436903
2021-03-10,ES-EX,ES43,Extremadura,Unknown,135670
2021-03-10,ES-GA,ES11,Galicia,Unknown,289261
2021-03-10,ES-RI,ES23,La Rioja,Unknown,38243
2021-03-10,ES-MD,ES30,Madrid,Unknown,694100
2021-03-10,ES-MC,ES62,Murcia,Unknown,151449
2021-03-10,ES-NC,ES22,Navarra,Unknown,74743
2021-03-10,ES-PV,ES21,País Vasco,Unknown,189949
2021-03-10,ES-CE,ES63,Ceuta,Unknown,8262
2021-03-10,ES-ML,ES64,Melilla,Unknown,6558
2021-03-11,ES-AN,ES61,Andalucía,Unknown,1000998
2021-03-11,ES-AR,ES24,Aragón,Unknown,166351
2021-03-11,ES-AS,ES12,Asturias,Unknown,145833
2021-03-11,ES-IB,ES53,Islas Baleares,Unknown,95435
2021-03-11,ES-CN,ES70,Canarias,Unknown,194364
2021-03-11,ES-CB,ES13,Cantabria,Unknown,72537
2021-03-11,ES-CL,ES41,Castilla y León,Unknown,339992
2021-03-11,ES-CM,ES42,Castilla-La Mancha,Unknown,223931
2021-03-11,ES-CT,ES51,Cataluña,Unknown,835931
2021-03-11,ES-VC,ES52,Comunidad Valenciana,Unknown,448396
2021-03-11,ES-EX,ES43,Extremadura,Unknown,140186
2021-03-11,ES-GA,ES11,Galicia,Unknown,299544
2021-03-11,ES-RI,ES23,La Rioja,Unknown,40431
2021-03-11,ES-MD,ES30,Madrid,Unknown,720674
2021-03-11,ES-MC,ES62,Murcia,Unknown,156345
2021-03-11,ES-NC,ES22,Navarra,Unknown,75059
2021-03-11,ES-PV,ES21,País Vasco,Unknown,200677
2021-03-11,ES-CE,ES63,Ceuta,Unknown,8571
2021-03-11,ES-ML,ES64,Melilla,Unknown,6851
2021-03-12,ES-AN,ES61,Andalucía,Unknown,1046334
2021-03-12,ES-AR,ES24,Aragón,Unknown,173511
2021-03-12,ES-AS,ES12,Asturias,Unknown,150737
2021-03-12,ES-IB,ES53,Islas Baleares,Unknown,101587
2021-03-12,ES-CN,ES70,Canarias,Unknown,200954
2021-03-12,ES-CB,ES13,Cantabria,Unknown,74747
2021-03-12,ES-CL,ES41,Castilla y León,Unknown,353400
2021-03-12,ES-CM,ES42,Castilla-La Mancha,Unknown,231247
2021-03-12,ES-CT,ES51,Cataluña,Unknown,857036
2021-03-12,ES-VC,ES52,Comunidad Valenciana,Unknown,465589
2021-03-12,ES-EX,ES43,Extremadura,Unknown,144537
2021-03-12,ES-GA,ES11,Galicia,Unknown,311089
2021-03-12,ES-RI,ES23,La Rioja,Unknown,42025
2021-03-12,ES-MD,ES30,Madrid,Unknown,743606
2021-03-12,ES-MC,ES62,Murcia,Unknown,164066
2021-03-12,ES-NC,ES22,Navarra,Unknown,75449
2021-03-12,ES-PV,ES21,País Vasco,Unknown,200677
2021-03-12,ES-CE,ES63,Ceuta,Unknown,8998
2021-03-12,ES-ML,ES64,Melilla,Unknown,7178
2021-03-15,ES-AN,ES61,Andalucía,Unknown,1098755
2021-03-15,ES-AR,ES24,Aragón,Unknown,180393
2021-03-15,ES-AS,ES12,Asturias,Unknown,163493
2021-03-15,ES-IB,ES53,Islas Baleares,Unknown,108484
2021-03-15,ES-CN,ES70,Canarias,Unknown,215260
2021-03-15,ES-CB,ES13,Cantabria,Unknown,77788
2021-03-15,ES-CL,ES41,Castilla y León,Unknown,370986
2021-03-15,ES-CM,ES42,Castilla-La Mancha,Unknown,236652
2021-03-15,ES-CT,ES51,Cataluña,Unknown,887751
2021-03-15,ES-VC,ES52,Comunidad Valenciana,Unknown,480454
2021-03-15,ES-EX,ES43,Extremadura,Unknown,148614
2021-03-15,ES-GA,ES11,Galicia,Unknown,338334
2021-03-15,ES-RI,ES23,La Rioja,Unknown,45403
2021-03-15,ES-MD,ES30,Madrid,Unknown,779306
2021-03-15,ES-MC,ES62,Murcia,Unknown,177134
2021-03-15,ES-NC,ES22,Navarra,Unknown,84981
2021-03-15,ES-PV,ES21,País Vasco,Unknown,234455
2021-03-15,ES-CE,ES63,Ceuta,Unknown,9278
2021-03-15,ES-ML,ES64,Melilla,Unknown,7374
2021-03-16,ES-AN,ES61,Andalucía,Unknown,1113414
2021-03-16,ES-AR,ES24,Aragón,Unknown,182899
2021-03-16,ES-AS,ES12,Asturias,Unknown,166072
2021-03-16,ES-IB,ES53,Islas Baleares,Unknown,110608
2021-03-16,ES-CN,ES70,Canarias,Unknown,219594
2021-03-16,ES-CB,ES13,Cantabria,Unknown,79283
2021-03-16,ES-CL,ES41,Castilla y León,Unknown,380228
2021-03-16,ES-CM,ES42,Castilla-La Mancha,Unknown,239085
2021-03-16,ES-CT,ES51,Cataluña,Unknown,899255
2021-03-16,ES-VC,ES52,Comunidad Valenciana,Unknown,486767
2021-03-16,ES-EX,ES43,Extremadura,Unknown,151027
2021-03-16,ES-GA,ES11,Galicia,Unknown,350571
2021-03-16,ES-RI,ES23,La Rioja,Unknown,46881
2021-03-16,ES-MD,ES30,Madrid,Unknown,792291
2021-03-16,ES-MC,ES62,Murcia,Unknown,180650
2021-03-16,ES-NC,ES22,Navarra,Unknown,86471
2021-03-16,ES-PV,ES21,País Vasco,Unknown,240162
2021-03-16,ES-CE,ES63,Ceuta,Unknown,9278
2021-03-16,ES-ML,ES64,Melilla,Unknown,7682
2021-03-17,ES-AN,ES61,Andalucía,Unknown,1135990
2021-03-17,ES-AR,ES24,Aragón,Unknown,188111
2021-03-17,ES-AS,ES12,Asturias,Unknown,171655
2021-03-17,ES-IB,ES53,Islas Baleares,Unknown,112889
2021-03-17,ES-CN,ES70,Canarias,Unknown,223811
2021-03-17,ES-CB,ES13,Cantabria,Unknown,81573
2021-03-17,ES-CL,ES41,Castilla y León,Unknown,389307
2021-03-17,ES-CM,ES42,Castilla-La Mancha,Unknown,245270
2021-03-17,ES-CT,ES51,Cataluña,Unknown,915213
2021-03-17,ES-VC,ES52,Comunidad Valenciana,Unknown,486769
2021-03-17,ES-EX,ES43,Extremadura,Unknown,156742
2021-03-17,ES-GA,ES11,Galicia,Unknown,360302
2021-03-17,ES-RI,ES23,La Rioja,Unknown,47744
2021-03-17,ES-MD,ES30,Madrid,Unknown,803199
2021-03-17,ES-MC,ES62,Murcia,Unknown,185005
2021-03-17,ES-NC,ES22,Navarra,Unknown,87756
2021-03-17,ES-PV,ES21,País Vasco,Unknown,248786
2021-03-17,ES-CE,ES63,Ceuta,Unknown,9278
2021-03-17,ES-ML,ES64,Melilla,Unknown,7685
2021-03-18,ES-AN,ES61,Andalucía,Unknown,1163449
2021-03-18,ES-AR,ES24,Aragón,Unknown,194938
2021-03-18,ES-AS,ES12,Asturias,Unknown,177134
2021-03-18,ES-IB,ES53,Islas Baleares,Unknown,117035
2021-03-18,ES-CN,ES70,Canarias,Unknown,228382
2021-03-18,ES-CB,ES13,Cantabria,Unknown,85106
2021-03-18,ES-CL,ES41,Castilla y León,Unknown,389307
2021-03-18,ES-CM,ES42,Castilla-La Mancha,Unknown,254487
2021-03-18,ES-CT,ES51,Cataluña,Unknown,915213
2021-03-18,ES-VC,ES52,Comunidad Valenciana,Unknown,530413
2021-03-18,ES-EX,ES43,Extremadura,Unknown,156742
2021-03-18,ES-GA,ES11,Galicia,Unknown,370076
2021-03-18,ES-RI,ES23,La Rioja,Unknown,48465
2021-03-18,ES-MD,ES30,Madrid,Unknown,814603
2021-03-18,ES-MC,ES62,Murcia,Unknown,185005
2021-03-18,ES-NC,ES22,Navarra,Unknown,90919
2021-03-18,ES-PV,ES21,País Vasco,Unknown,254750
2021-03-18,ES-CE,ES63,Ceuta,Unknown,9424
2021-03-18,ES-ML,ES64,Melilla,Unknown,7915
2021-03-22,ES-AN,ES61,Andalucía,Unknown,1185021
2021-03-22,ES-AR,ES24,Aragón,Unknown,206488
2021-03-22,ES-AS,ES12,Asturias,Unknown,186327
2021-03-22,ES-IB,ES53,Islas Baleares,Unknown,124537
2021-03-22,ES-CN,ES70,Canarias,Unknown,237712
2021-03-22,ES-CB,ES13,Cantabria,Unknown,90057
2021-03-22,ES-CL,ES41,Castilla y León,Unknown,425312
2021-03-22,ES-CM,ES42,Castilla-La Mancha,Unknown,267942
2021-03-22,ES-CT,ES51,Cataluña,Unknown,1006049
2021-03-22,ES-VC,ES52,Comunidad Valenciana,Unknown,560267
2021-03-22,ES-EX,ES43,Extremadura,Unknown,170024
2021-03-22,ES-GA,ES11,Galicia,Unknown,385402
2021-03-22,ES-RI,ES23,La Rioja,Unknown,50050
2021-03-22,ES-MD,ES30,Madrid,Unknown,848206
2021-03-22,ES-MC,ES62,Murcia,Unknown,198036
2021-03-22,ES-NC,ES22,Navarra,Unknown,99308
2021-03-22,ES-PV,ES21,País Vasco,Unknown,262965
2021-03-22,ES-CE,ES63,Ceuta,Unknown,9432
2021-03-22,ES-ML,ES64,Melilla,Unknown,8773
2021-03-23,ES-AN,ES61,Andalucía,Unknown,1202553
2021-03-23,ES-AR,ES24,Aragón,Unknown,207118
2021-03-23,ES-AS,ES12,Asturias,Unknown,187429
2021-03-23,ES-IB,ES53,Islas Baleares,Unknown,124791
2021-03-23,ES-CN,ES70,Canarias,Unknown,241508
2021-03-23,ES-CB,ES13,Cantabria,Unknown,91015
2021-03-23,ES-CL,ES41,Castilla y León,Unknown,431153
2021-03-23,ES-CM,ES42,Castilla-La Mancha,Unknown,271647
2021-03-23,ES-CT,ES51,Cataluña,Unknown,1011890
2021-03-23,ES-VC,ES52,Comunidad Valenciana,Unknown,569061
2021-03-23,ES-EX,ES43,Extremadura,Unknown,171479
2021-03-23,ES-GA,ES11,Galicia,Unknown,392134
2021-03-23,ES-RI,ES23,La Rioja,Unknown,50952
2021-03-23,ES-MD,ES30,Madrid,Unknown,861028
2021-03-23,ES-MC,ES62,Murcia,Unknown,199568
2021-03-23,ES-NC,ES22,Navarra,Unknown,100046
2021-03-23,ES-PV,ES21,País Vasco,Unknown,277455
2021-03-23,ES-CE,ES63,Ceuta,Unknown,9432
2021-03-23,ES-ML,ES64,Melilla,Unknown,8937
2021-03-24,ES-AN,ES61,Andalucía,Unknown,1258375
2021-03-24,ES-AR,ES24,Aragón,Unknown,211426
2021-03-24,ES-AS,ES12,Asturias,Unknown,192737
2021-03-24,ES-IB,ES53,Islas Baleares,Unknown,125552
2021-03-24,ES-CN,ES70,Canarias,Unknown,248101
2021-03-24,ES-CB,ES13,Cantabria,Unknown,94153
2021-03-24,ES-CL,ES41,Castilla y León,Unknown,441559
2021-03-24,ES-CM,ES42,Castilla-La Mancha,Unknown,278619
2021-03-24,ES-CT,ES51,Cataluña,Unknown,1027370
2021-03-24,ES-VC,ES52,Comunidad Valenciana,Unknown,590395
2021-03-24,ES-EX,ES43,Extremadura,Unknown,174734
2021-03-24,ES-GA,ES11,Galicia,Unknown,405300
2021-03-24,ES-RI,ES23,La Rioja,Unknown,51877
2021-03-24,ES-MD,ES30,Madrid,Unknown,888776
2021-03-24,ES-MC,ES62,Murcia,Unknown,204679
2021-03-24,ES-NC,ES22,Navarra,Unknown,102407
2021-03-24,ES-PV,ES21,País Vasco,Unknown,289725
2021-03-24,ES-CE,ES63,Ceuta,Unknown,9457
2021-03-24,ES-ML,ES64,Melilla,Unknown,9074
2021-03-25,ES-AN,ES61,Andalucía,Unknown,1293949
2021-03-25,ES-AR,ES24,Aragón,Unknown,220730
2021-03-25,ES-AS,ES12,Asturias,Unknown,197725
2021-03-25,ES-IB,ES53,Islas Baleares,Unknown,132167
2021-03-25,ES-CN,ES70,Canarias,Unknown,254352
2021-03-25,ES-CB,ES13,Cantabria,Unknown,97301
2021-03-25,ES-CL,ES41,Castilla y León,Unknown,456309
2021-03-25,ES-CM,ES42,Castilla-La Mancha,Unknown,291786
2021-03-25,ES-CT,ES51,Cataluña,Unknown,1062479
2021-03-25,ES-VC,ES52,Comunidad Valenciana,Unknown,612340
2021-03-25,ES-EX,ES43,Extremadura,Unknown,181812
2021-03-25,ES-GA,ES11,Galicia,Unknown,418902
2021-03-25,ES-RI,ES23,La Rioja,Unknown,53810
2021-03-25,ES-MD,ES30,Madrid,Unknown,915887
2021-03-25,ES-MC,ES62,Murcia,Unknown,206638
2021-03-25,ES-NC,ES22,Navarra,Unknown,105316
2021-03-25,ES-PV,ES21,País Vasco,Unknown,302858
2021-03-25,ES-CE,ES63,Ceuta,Unknown,10121
2021-03-25,ES-ML,ES64,Melilla,Unknown,9477
2021-03-29,ES-AN,ES61,Andalucía,Unknown,1375025
2021-03-29,ES-AR,ES24,Aragón,Unknown,236543
2021-03-29,ES-AS,ES12,Asturias,Unknown,212464
2021-03-29,ES-IB,ES53,Islas Baleares,Unknown,150294
2021-03-29,ES-CN,ES70,Canarias,Unknown,283444
2021-03-29,ES-CB,ES13,Cantabria,Unknown,107067
2021-03-29,ES-CL,ES41,Castilla y León,Unknown,507694
2021-03-29,ES-CM,ES42,Castilla-La Mancha,Unknown,332205
2021-03-29,ES-CT,ES51,Cataluña,Unknown,1192191
2021-03-29,ES-VC,ES52,Comunidad Valenciana,Unknown,734893
2021-03-29,ES-EX,ES43,Extremadura,Unknown,204735
2021-03-29,ES-GA,ES11,Galicia,Unknown,447652
2021-03-29,ES-RI,ES23,La Rioja,Unknown,59760
2021-03-29,ES-MD,ES30,Madrid,Unknown,995208
2021-03-29,ES-MC,ES62,Murcia,Unknown,223145
2021-03-29,ES-NC,ES22,Navarra,Unknown,113215
2021-03-29,ES-PV,ES21,País Vasco,Unknown,352196
2021-03-29,ES-CE,ES63,Ceuta,Unknown,11097
2021-03-29,ES-ML,ES64,Melilla,Unknown,10084
2021-03-30,ES-AN,ES61,Andalucía,Unknown,1400384
2021-03-30,ES-AR,ES24,Aragón,Unknown,241002
2021-03-30,ES-AS,ES12,Asturias,Unknown,216223
2021-03-30,ES-IB,ES53,Islas Baleares,Unknown,154339
2021-03-30,ES-CN,ES70,Canarias,Unknown,292317
2021-03-30,ES-CB,ES13,Cantabria,Unknown,109864
2021-03-30,ES-CL,ES41,Castilla y León,Unknown,507762
2021-03-30,ES-CM,ES42,Castilla-La Mancha,Unknown,340556
2021-03-30,ES-CT,ES51,Cataluña,Unknown,1219567
2021-03-30,ES-VC,ES52,Comunidad Valenciana,Unknown,742020
2021-03-30,ES-EX,ES43,Extremadura,Unknown,209542
2021-03-30,ES-GA,ES11,Galicia,Unknown,462010
2021-03-30,ES-RI,ES23,La Rioja,Unknown,61733
2021-03-30,ES-MD,ES30,Madrid,Unknown,1026074
2021-03-30,ES-MC,ES62,Murcia,Unknown,227530
2021-03-30,ES-NC,ES22,Navarra,Unknown,114802
2021-03-30,ES-PV,ES21,País Vasco,Unknown,361382
2021-03-30,ES-CE,ES63,Ceuta,Unknown,11142
2021-03-30,ES-ML,ES64,Melilla,Unknown,10297
2021-03-31,ES-AN,ES61,Andalucía,Unknown,1441414
2021-03-31,ES-AR,ES24,Aragón,Unknown,250339
2021-03-31,ES-AS,ES12,Asturias,Unknown,225915
2021-03-31,ES-IB,ES53,Islas Baleares,Unknown,160884
2021-03-31,ES-CN,ES70,Canarias,Unknown,304229
2021-03-31,ES-CB,ES13,Cantabria,Unknown,114080
2021-03-31,ES-CL,ES41,Castilla y León,Unknown,534134
2021-03-31,ES-CM,ES42,Castilla-La Mancha,Unknown,356085
2021-03-31,ES-CT,ES51,Cataluña,Unknown,1274944
2021-03-31,ES-VC,ES52,Comunidad Valenciana,Unknown,768217
2021-03-31,ES-EX,ES43,Extremadura,Unknown,219487
2021-03-31,ES-GA,ES11,Galicia,Unknown,478450
2021-03-31,ES-RI,ES23,La Rioja,Unknown,63416
2021-03-31,ES-MD,ES30,Madrid,Unknown,1058277
2021-03-31,ES-MC,ES62,Murcia,Unknown,237224
2021-03-31,ES-NC,ES22,Navarra,Unknown,117849
2021-03-31,ES-PV,ES21,País Vasco,Unknown,370971
2021-03-31,ES-CE,ES63,Ceuta,Unknown,11226
2021-03-31,ES-ML,ES64,Melilla,Unknown,10413
2021-04-01,ES-AN,ES61,Andalucía,Unknown,1483868
2021-04-01,ES-AR,ES24,Aragón,Unknown,258902
2021-04-01,ES-AS,ES12,Asturias,Unknown,234491
2021-04-01,ES-IB,ES53,Islas Baleares,Unknown,160884
2021-04-01,ES-CN,ES70,Canarias,Unknown,315167
2021-04-01,ES-CB,ES13,Cantabria,Unknown,114080
2021-04-01,ES-CL,ES41,Castilla y León,Unknown,554254
2021-04-01,ES-CM,ES42,Castilla-La Mancha,Unknown,356085
2021-04-01,ES-CT,ES51,Cataluña,Unknown,1353057
2021-04-01,ES-VC,ES52,Comunidad Valenciana,Unknown,821536
2021-04-01,ES-EX,ES43,Extremadura,Unknown,231560
2021-04-01,ES-GA,ES11,Galicia,Unknown,498870
2021-04-01,ES-RI,ES23,La Rioja,Unknown,65886
2021-04-01,ES-MD,ES30,Madrid,Unknown,1092992
2021-04-01,ES-MC,ES62,Murcia,Unknown,246425
2021-04-01,ES-NC,ES22,Navarra,Unknown,121389
2021-04-01,ES-PV,ES21,País Vasco,Unknown,370971
2021-04-01,ES-CE,ES63,Ceuta,Unknown,11226
2021-04-01,ES-ML,ES64,Melilla,Unknown,10413
2021-04-03,ES-AN,ES61,Andalucía,Unknown,1503567
2021-04-03,ES-AR,ES24,Aragón,Unknown,265619
2021-04-03,ES-AS,ES12,Asturias,Unknown,242053
2021-04-03,ES-IB,ES53,Islas Baleares,Unknown,173015
2021-04-03,ES-CN,ES70,Canarias,Unknown,318372
2021-04-03,ES-CB,ES13,Cantabria,Unknown,120335
2021-04-03,ES-CL,ES41,Castilla y León,Unknown,562643
2021-04-03,ES-CM,ES42,Castilla-La Mancha,Unknown,382287
2021-04-03,ES-CT,ES51,Cataluña,Unknown,1353057
2021-04-03,ES-VC,ES52,Comunidad Valenciana,Unknown,864575
2021-04-03,ES-EX,ES43,Extremadura,Unknown,233822
2021-04-03,ES-GA,ES11,Galicia,Unknown,524134
2021-04-03,ES-RI,ES23,La Rioja,Unknown,67487
2021-04-03,ES-MD,ES30,Madrid,Unknown,1125861
2021-04-03,ES-MC,ES62,Murcia,Unknown,256379
2021-04-03,ES-NC,ES22,Navarra,Unknown,121389
2021-04-03,ES-PV,ES21,País Vasco,Unknown,370971
2021-04-03,ES-CE,ES63,Ceuta,Unknown,11226
2021-04-03,ES-ML,ES64,Melilla,Unknown,10413
2021-04-05,ES-AN,ES61,Andalucía,Unknown,1517023
2021-04-05,ES-AR,ES24,Aragón,Unknown,265649
2021-04-05,ES-AS,ES12,Asturias,Unknown,250132
2021-04-05,ES-IB,ES53,Islas Baleares,Unknown,175308
2021-04-05,ES-CN,ES70,Canarias,Unknown,323880
2021-04-05,ES-CB,ES13,Cantabria,Unknown,120751
2021-04-05,ES-CL,ES41,Castilla y León,Unknown,572774
2021-04-05,ES-CM,ES42,Castilla-La Mancha,Unknown,391798
2021-04-05,ES-CT,ES51,Cataluña,Unknown,1441264
2021-04-05,ES-VC,ES52,Comunidad Valenciana,Unknown,870686
2021-04-05,ES-EX,ES43,Extremadura,Unknown,236428
2021-04-05,ES-GA,ES11,Galicia,Unknown,540723
2021-04-05,ES-RI,ES23,La Rioja,Unknown,67487
2021-04-05,ES-MD,ES30,Madrid,Unknown,1144369
2021-04-05,ES-MC,ES62,Murcia,Unknown,258999
2021-04-05,ES-NC,ES22,Navarra,Unknown,121389
2021-04-05,ES-PV,ES21,País Vasco,Unknown,370972
2021-04-05,ES-CE,ES63,Ceuta,Unknown,12616
2021-04-05,ES-ML,ES64,Melilla,Unknown,11201
2021-04-06,ES-AN,ES61,Andalucía,Unknown,1557660
2021-04-06,ES-AR,ES24,Aragón,Unknown,270285
2021-04-06,ES-AS,ES12,Asturias,Unknown,255449
2021-04-06,ES-IB,ES53,Islas Baleares,Unknown,176500
2021-04-06,ES-CN,ES70,Canarias,Unknown,329689
2021-04-06,ES-CB,ES13,Cantabria,Unknown,122107
2021-04-06,ES-CL,ES41,Castilla y León,Unknown,590123
2021-04-06,ES-CM,ES42,Castilla-La Mancha,Unknown,406226
2021-04-06,ES-CT,ES51,Cataluña,Unknown,1456572
2021-04-06,ES-VC,ES52,Comunidad Valenciana,Unknown,870750
2021-04-06,ES-EX,ES43,Extremadura,Unknown,244116
2021-04-06,ES-GA,ES11,Galicia,Unknown,559141
2021-04-06,ES-RI,ES23,La Rioja,Unknown,69384
2021-04-06,ES-MD,ES30,Madrid,Unknown,1194726
2021-04-06,ES-MC,ES62,Murcia,Unknown,262673
2021-04-06,ES-NC,ES22,Navarra,Unknown,134191
2021-04-06,ES-PV,ES21,País Vasco,Unknown,441562
2021-04-06,ES-CE,ES63,Ceuta,Unknown,13813
2021-04-06,ES-ML,ES64,Melilla,Unknown,11584
2021-04-07,ES-AN,ES61,Andalucía,Unknown,1622189
2021-04-07,ES-AR,ES24,Aragón,Unknown,276558
2021-04-07,ES-AS,ES12,Asturias,Unknown,264498
2021-04-07,ES-IB,ES53,Islas Baleares,Unknown,181442
2021-04-07,ES-CN,ES70,Canarias,Unknown,339311
2021-04-07,ES-CB,ES13,Cantabria,Unknown,127290
2021-04-07,ES-CL,ES41,Castilla y León,Unknown,610573
2021-04-07,ES-CM,ES42,Castilla-La Mancha,Unknown,423319
2021-04-07,ES-CT,ES51,Cataluña,Unknown,1504694
2021-04-07,ES-VC,ES52,Comunidad Valenciana,Unknown,926076
2021-04-07,ES-EX,ES43,Extremadura,Unknown,254867
2021-04-07,ES-GA,ES11,Galicia,Unknown,584849
2021-04-07,ES-RI,ES23,La Rioja,Unknown,71782
2021-04-07,ES-MD,ES30,Madrid,Unknown,1239223
2021-04-07,ES-MC,ES62,Murcia,Unknown,264263
2021-04-07,ES-NC,ES22,Navarra,Unknown,137093
2021-04-07,ES-PV,ES21,País Vasco,Unknown,445819
2021-04-07,ES-CE,ES63,Ceuta,Unknown,14358
2021-04-07,ES-ML,ES64,Melilla,Unknown,11582
2021-04-08,ES-AN,ES61,Andalucía,Unknown,1699464
2021-04-08,ES-AR,ES24,Aragón,Unknown,290838
2021-04-08,ES-AS,ES12,Asturias,Unknown,272976
2021-04-08,ES-IB,ES53,Islas Baleares,Unknown,190732
2021-04-08,ES-CN,ES70,Canarias,Unknown,355871
2021-04-08,ES-CB,ES13,Cantabria,Unknown,128539
2021-04-08,ES-CL,ES41,Castilla y León,Unknown,629472
2021-04-08,ES-CM,ES42,Castilla-La Mancha,Unknown,444254
2021-04-08,ES-CT,ES51,Cataluña,Unknown,1592571
2021-04-08,ES-VC,ES52,Comunidad Valenciana,Unknown,991439
2021-04-08,ES-EX,ES43,Extremadura,Unknown,268347
2021-04-08,ES-GA,ES11,Galicia,Unknown,624745
2021-04-08,ES-RI,ES23,La Rioja,Unknown,73374
2021-04-08,ES-MD,ES30,Madrid,Unknown,1287142
2021-04-08,ES-MC,ES62,Murcia,Unknown,270112
2021-04-08,ES-NC,ES22,Navarra,Unknown,141125
2021-04-08,ES-PV,ES21,País Vasco,Unknown,460502
2021-04-08,ES-CE,ES63,Ceuta,Unknown,15133
2021-04-08,ES-ML,ES64,Melilla,Unknown,12597
2021-04-09,ES-AN,ES61,Andalucía,Unknown,1776739
2021-04-09,ES-AR,ES24,Aragón,Unknown,303372
2021-04-09,ES-AS,ES12,Asturias,Unknown,282854
2021-04-09,ES-IB,ES53,Islas Baleares,Unknown,199763
2021-04-09,ES-CN,ES70,Canarias,Unknown,368086
2021-04-09,ES-CB,ES13,Cantabria,Unknown,133391
2021-04-09,ES-CL,ES41,Castilla y León,Unknown,657130
2021-04-09,ES-CM,ES42,Castilla-La Mancha,Unknown,463487
2021-04-09,ES-CT,ES51,Cataluña,Unknown,1664667
2021-04-09,ES-VC,ES52,Comunidad Valenciana,Unknown,1035843
2021-04-09,ES-EX,ES43,Extremadura,Unknown,285234
2021-04-09,ES-GA,ES11,Galicia,Unknown,657774
2021-04-09,ES-RI,ES23,La Rioja,Unknown,78944
2021-04-09,ES-MD,ES30,Madrid,Unknown,1327764
2021-04-09,ES-MC,ES62,Murcia,Unknown,278267
2021-04-09,ES-NC,ES22,Navarra,Unknown,146068
2021-04-09,ES-PV,ES21,País Vasco,Unknown,478177
2021-04-09,ES-CE,ES63,Ceuta,Unknown,15477
2021-04-09,ES-ML,ES64,Melilla,Unknown,13077
2021-04-12,ES-AN,ES61,Andalucía,Unknown,1865200
2021-04-12,ES-AR,ES24,Aragón,Unknown,312544
2021-04-12,ES-AS,ES12,Asturias,Unknown,301677
2021-04-12,ES-IB,ES53,Islas Baleares,Unknown,218353
2021-04-12,ES-CN,ES70,Canarias,Unknown,387610
2021-04-12,ES-CB,ES13,Cantabria,Unknown,140961
2021-04-12,ES-CL,ES41,Castilla y León,Unknown,695126
2021-04-12,ES-CM,ES42,Castilla-La Mancha,Unknown,483319
2021-04-12,ES-CT,ES51,Cataluña,Unknown,1733884
2021-04-12,ES-VC,ES52,Comunidad Valenciana,Unknown,1035842
2021-04-12,ES-EX,ES43,Extremadura,Unknown,299027
2021-04-12,ES-GA,ES11,Galicia,Unknown,732686
2021-04-12,ES-RI,ES23,La Rioja,Unknown,82070
2021-04-12,ES-MD,ES30,Madrid,Unknown,1419575
2021-04-12,ES-MC,ES62,Murcia,Unknown,285613
2021-04-12,ES-NC,ES22,Navarra,Unknown,157728
2021-04-12,ES-PV,ES21,País Vasco,Unknown,535817
2021-04-12,ES-CE,ES63,Ceuta,Unknown,15799
2021-04-12,ES-ML,ES64,Melilla,Unknown,13690
2021-04-13,ES-AN,ES61,Andalucía,Unknown,1910185
2021-04-13,ES-AR,ES24,Aragón,Unknown,321035
2021-04-13,ES-AS,ES12,Asturias,Unknown,309539
2021-04-13,ES-IB,ES53,Islas Baleares,Unknown,226218
2021-04-13,ES-CN,ES70,Canarias,Unknown,401663
2021-04-13,ES-CB,ES13,Cantabria,Unknown,142877
2021-04-13,ES-CL,ES41,Castilla y León,Unknown,710619
2021-04-13,ES-CM,ES42,Castilla-La Mancha,Unknown,487967
2021-04-13,ES-CT,ES51,Cataluña,Unknown,1787769
2021-04-13,ES-VC,ES52,Comunidad Valenciana,Unknown,1080973
2021-04-13,ES-EX,ES43,Extremadura,Unknown,302566
2021-04-13,ES-GA,ES11,Galicia,Unknown,743544
2021-04-13,ES-RI,ES23,La Rioja,Unknown,84470
2021-04-13,ES-MD,ES30,Madrid,Unknown,1468932
2021-04-13,ES-MC,ES62,Murcia,Unknown,287216
2021-04-13,ES-NC,ES22,Navarra,Unknown,161038
2021-04-13,ES-PV,ES21,País Vasco,Unknown,547803
2021-04-13,ES-CE,ES63,Ceuta,Unknown,16211
2021-04-13,ES-ML,ES64,Melilla,Unknown,14206
2021-04-14,ES-AN,ES61,Andalucía,Unknown,1970183
2021-04-14,ES-AR,ES24,Aragón,Unknown,331419
2021-04-14,ES-AS,ES12,Asturias,Unknown,317019
2021-04-14,ES-IB,ES53,Islas Baleares,Unknown,233042
2021-04-14,ES-CN,ES70,Canarias,Unknown,418843
2021-04-14,ES-CB,ES13,Cantabria,Unknown,147960
2021-04-14,ES-CL,ES41,Castilla y León,Unknown,730342
2021-04-14,ES-CM,ES42,Castilla-La Mancha,Unknown,499581
2021-04-14,ES-CT,ES51,Cataluña,Unknown,1843205
2021-04-14,ES-VC,ES52,Comunidad Valenciana,Unknown,1125277
2021-04-14,ES-EX,ES43,Extremadura,Unknown,313754
2021-04-14,ES-GA,ES11,Galicia,Unknown,776617
2021-04-14,ES-RI,ES23,La Rioja,Unknown,86929
2021-04-14,ES-MD,ES30,Madrid,Unknown,1516192
2021-04-14,ES-MC,ES62,Murcia,Unknown,293702
2021-04-14,ES-NC,ES22,Navarra,Unknown,167043
2021-04-14,ES-PV,ES21,País Vasco,Unknown,564370
2021-04-14,ES-CE,ES63,Ceuta,Unknown,16764
2021-04-14,ES-ML,ES64,Melilla,Unknown,14706
2021-04-15,ES-AN,ES61,Andalucía,Unknown,2041844
2021-04-15,ES-AR,ES24,Aragón,Unknown,347963
2021-04-15,ES-AS,ES12,Asturias,Unknown,330038
2021-04-15,ES-IB,ES53,Islas Baleares,Unknown,240488
2021-04-15,ES-CN,ES70,Canarias,Unknown,435235
2021-04-15,ES-CB,ES13,Cantabria,Unknown,153430
2021-04-15,ES-CL,ES41,Castilla y León,Unknown,754667
2021-04-15,ES-CM,ES42,Castilla-La Mancha,Unknown,519478
2021-04-15,ES-CT,ES51,Cataluña,Unknown,1922213
2021-04-15,ES-VC,ES52,Comunidad Valenciana,Unknown,1194050
2021-04-15,ES-EX,ES43,Extremadura,Unknown,327974
2021-04-15,ES-GA,ES11,Galicia,Unknown,803159
2021-04-15,ES-RI,ES23,La Rioja,Unknown,89433
2021-04-15,ES-MD,ES30,Madrid,Unknown,1563931
2021-04-15,ES-MC,ES62,Murcia,Unknown,300425
2021-04-15,ES-NC,ES22,Navarra,Unknown,171777
2021-04-15,ES-PV,ES21,País Vasco,Unknown,587349
2021-04-15,ES-CE,ES63,Ceuta,Unknown,17103
2021-04-15,ES-ML,ES64,Melilla,Unknown,15028
2021-04-16,ES-AN,ES61,Andalucía,Unknown,2116629
2021-04-16,ES-AR,ES24,Aragón,Unknown,375697
2021-04-16,ES-AS,ES12,Asturias,Unknown,343170
2021-04-16,ES-IB,ES53,Islas Baleares,Unknown,247693
2021-04-16,ES-CN,ES70,Canarias,Unknown,452142
2021-04-16,ES-CB,ES13,Cantabria,Unknown,159103
2021-04-16,ES-CL,ES41,Castilla y León,Unknown,787728
2021-04-16,ES-CM,ES42,Castilla-La Mancha,Unknown,543061
2021-04-16,ES-CT,ES51,Cataluña,Unknown,2002444
2021-04-16,ES-VC,ES52,Comunidad Valenciana,Unknown,1236279
2021-04-16,ES-EX,ES43,Extremadura,Unknown,341230
2021-04-16,ES-GA,ES11,Galicia,Unknown,817578
2021-04-16,ES-RI,ES23,La Rioja,Unknown,92486
2021-04-16,ES-MD,ES30,Madrid,Unknown,1612760
2021-04-16,ES-MC,ES62,Murcia,Unknown,318242
2021-04-16,ES-NC,ES22,Navarra,Unknown,177032
2021-04-16,ES-PV,ES21,País Vasco,Unknown,604493
2021-04-16,ES-CE,ES63,Ceuta,Unknown,17750
2021-04-16,ES-ML,ES64,Melilla,Unknown,15521
2021-04-19,ES-AN,ES61,Andalucía,Unknown,2199243
2021-04-19,ES-AR,ES24,Aragón,Unknown,391560
2021-04-19,ES-AS,ES12,Asturias,Unknown,371649
2021-04-19,ES-IB,ES53,Islas Baleares,Unknown,259921
2021-04-19,ES-CN,ES70,Canarias,Unknown,480524
2021-04-19,ES-CB,ES13,Cantabria,Unknown,166629
2021-04-19,ES-CL,ES41,Castilla y León,Unknown,830796
2021-04-19,ES-CM,ES42,Castilla-La Mancha,Unknown,562432
2021-04-19,ES-CT,ES51,Cataluña,Unknown,2070003
2021-04-19,ES-VC,ES52,Comunidad Valenciana,Unknown,1270968
2021-04-19,ES-EX,ES43,Extremadura,Unknown,351936
2021-04-19,ES-GA,ES11,Galicia,Unknown,865840
2021-04-19,ES-RI,ES23,La Rioja,Unknown,96354
2021-04-19,ES-MD,ES30,Madrid,Unknown,1679161
2021-04-19,ES-MC,ES62,Murcia,Unknown,334549
2021-04-19,ES-NC,ES22,Navarra,Unknown,189103
2021-04-19,ES-PV,ES21,País Vasco,Unknown,628743
2021-04-19,ES-CE,ES63,Ceuta,Unknown,17862
2021-04-19,ES-ML,ES64,Melilla,Unknown,16215
2021-04-20,ES-AN,ES61,Andalucía,Unknown,2199243
2021-04-20,ES-AR,ES24,Aragón,Unknown,400096
2021-04-20,ES-AS,ES12,Asturias,Unknown,380133
2021-04-20,ES-IB,ES53,Islas Baleares,Unknown,262935
2021-04-20,ES-CN,ES70,Canarias,Unknown,492264
2021-04-20,ES-CB,ES13,Cantabria,Unknown,170634
2021-04-20,ES-CL,ES41,Castilla y León,Unknown,850339
2021-04-20,ES-CM,ES42,Castilla-La Mancha,Unknown,569590
2021-04-20,ES-CT,ES51,Cataluña,Unknown,2083020
2021-04-20,ES-VC,ES52,Comunidad Valenciana,Unknown,1307612
2021-04-20,ES-EX,ES43,Extremadura,Unknown,353535
2021-04-20,ES-GA,ES11,Galicia,Unknown,877664
2021-04-20,ES-RI,ES23,La Rioja,Unknown,97907
2021-04-20,ES-MD,ES30,Madrid,Unknown,1718899
2021-04-20,ES-MC,ES62,Murcia,Unknown,345665
2021-04-20,ES-NC,ES22,Navarra,Unknown,193479
2021-04-20,ES-PV,ES21,País Vasco,Unknown,633375
2021-04-20,ES-CE,ES63,Ceuta,Unknown,17863
2021-04-20,ES-ML,ES64,Melilla,Unknown,16599
2021-04-21,ES-AN,ES61,Andalucía,Unknown,2320492
2021-04-21,ES-AR,ES24,Aragón,Unknown,413947
2021-04-21,ES-AS,ES12,Asturias,Unknown,392222
2021-04-21,ES-IB,ES53,Islas Baleares,Unknown,269110
2021-04-21,ES-CN,ES70,Canarias,Unknown,508147
2021-04-21,ES-CB,ES13,Cantabria,Unknown,177077
2021-04-21,ES-CL,ES41,Castilla y León,Unknown,878223
2021-04-21,ES-CM,ES42,Castilla-La Mancha,Unknown,583440
2021-04-21,ES-CT,ES51,Cataluña,Unknown,2142871
2021-04-21,ES-VC,ES52,Comunidad Valenciana,Unknown,1357860
2021-04-21,ES-EX,ES43,Extremadura,Unknown,363546
2021-04-21,ES-GA,ES11,Galicia,Unknown,914267
2021-04-21,ES-RI,ES23,La Rioja,Unknown,101658
2021-04-21,ES-MD,ES30,Madrid,Unknown,1761839
2021-04-21,ES-MC,ES62,Murcia,Unknown,360169
2021-04-21,ES-NC,ES22,Navarra,Unknown,197388
2021-04-21,ES-PV,ES21,País Vasco,Unknown,650297
2021-04-21,ES-CE,ES63,Ceuta,Unknown,17947
2021-04-21,ES-ML,ES64,Melilla,Unknown,17054
2021-04-22,ES-AN,ES61,Andalucía,Unknown,2386916
2021-04-22,ES-AR,ES24,Aragón,Unknown,436089
2021-04-22,ES-AS,ES12,Asturias,Unknown,402983
2021-04-22,ES-IB,ES53,Islas Baleares,Unknown,276829
2021-04-22,ES-CN,ES70,Canarias,Unknown,523232
2021-04-22,ES-CB,ES13,Cantabria,Unknown,182628
2021-04-22,ES-CL,ES41,Castilla y León,Unknown,910748
2021-04-22,ES-CM,ES42,Castilla-La Mancha,Unknown,608848
2021-04-22,ES-CT,ES51,Cataluña,Unknown,2217908
2021-04-22,ES-VC,ES52,Comunidad Valenciana,Unknown,1391648
2021-04-22,ES-EX,ES43,Extremadura,Unknown,377168
2021-04-22,ES-GA,ES11,Galicia,Unknown,947613
2021-04-22,ES-RI,ES23,La Rioja,Unknown,104710
2021-04-22,ES-MD,ES30,Madrid,Unknown,1806916
2021-04-22,ES-MC,ES62,Murcia,Unknown,376989
2021-04-22,ES-NC,ES22,Navarra,Unknown,200145
2021-04-22,ES-PV,ES21,País Vasco,Unknown,651736
2021-04-22,ES-CE,ES63,Ceuta,Unknown,18631
2021-04-22,ES-ML,ES64,Melilla,Unknown,17627
2021-04-23,ES-AN,ES61,Andalucía,Unknown,2458368
2021-04-23,ES-AR,ES24,Aragón,Unknown,456346
2021-04-23,ES-AS,ES12,Asturias,Unknown,412591
2021-04-23,ES-IB,ES53,Islas Baleares,Unknown,283212
2021-04-23,ES-CN,ES70,Canarias,Unknown,537808
2021-04-23,ES-CB,ES13,Cantabria,Unknown,188440
2021-04-23,ES-CL,ES41,Castilla y León,Unknown,910748
2021-04-23,ES-CM,ES42,Castilla-La Mancha,Unknown,633257
2021-04-23,ES-CT,ES51,Cataluña,Unknown,2295178
2021-04-23,ES-VC,ES52,Comunidad Valenciana,Unknown,1426532
2021-04-23,ES-EX,ES43,Extremadura,Unknown,390404
2021-04-23,ES-GA,ES11,Galicia,Unknown,952172
2021-04-23,ES-RI,ES23,La Rioja,Unknown,107983
2021-04-23,ES-MD,ES30,Madrid,Unknown,1847622
2021-04-23,ES-MC,ES62,Murcia,Unknown,388287
2021-04-23,ES-NC,ES22,Navarra,Unknown,205590
2021-04-23,ES-PV,ES21,País Vasco,Unknown,663553
2021-04-23,ES-CE,ES63,Ceuta,Unknown,19265
2021-04-23,ES-ML,ES64,Melilla,Unknown,18234
2021-04-26,ES-AN,ES61,Andalucía,Unknown,2528038
2021-04-26,ES-AR,ES24,Aragón,Unknown,461499
2021-04-26,ES-AS,ES12,Asturias,Unknown,428663
2021-04-26,ES-IB,ES53,Islas Baleares,Unknown,296858
2021-04-26,ES-CN,ES70,Canarias,Unknown,560683
2021-04-26,ES-CB,ES13,Cantabria,Unknown,197026
2021-04-26,ES-CL,ES41,Castilla y León,Unknown,957593
2021-04-26,ES-CM,ES42,Castilla-La Mancha,Unknown,653126
2021-04-26,ES-CT,ES51,Cataluña,Unknown,2346565
2021-04-26,ES-VC,ES52,Comunidad Valenciana,Unknown,1459296
2021-04-26,ES-EX,ES43,Extremadura,Unknown,397417
2021-04-26,ES-GA,ES11,Galicia,Unknown,985789
2021-04-26,ES-RI,ES23,La Rioja,Unknown,111029
2021-04-26,ES-MD,ES30,Madrid,Unknown,1918782
2021-04-26,ES-MC,ES62,Murcia,Unknown,405087
2021-04-26,ES-NC,ES22,Navarra,Unknown,206512
2021-04-26,ES-PV,ES21,País Vasco,Unknown,692328
2021-04-26,ES-CE,ES63,Ceuta,Unknown,19868
2021-04-26,ES-ML,ES64,Melilla,Unknown,18960
2021-04-27,ES-AN,ES61,Andalucía,Unknown,2574292
2021-04-27,ES-AR,ES24,Aragón,Unknown,468479
2021-04-27,ES-AS,ES12,Asturias,Unknown,436692
2021-04-27,ES-IB,ES53,Islas Baleares,Unknown,299091
2021-04-27,ES-CN,ES70,Canarias,Unknown,568528
2021-04-27,ES-CB,ES13,Cantabria,Unknown,202484
2021-04-27,ES-CL,ES41,Castilla y León,Unknown,974889
2021-04-27,ES-CM,ES42,Castilla-La Mancha,Unknown,659610
2021-04-27,ES-CT,ES51,Cataluña,Unknown,2372754
2021-04-27,ES-VC,ES52,Comunidad Valenciana,Unknown,1508083
2021-04-27,ES-EX,ES43,Extremadura,Unknown,400514
2021-04-27,ES-GA,ES11,Galicia,Unknown,1002060
2021-04-27,ES-RI,ES23,La Rioja,Unknown,113500
2021-04-27,ES-MD,ES30,Madrid,Unknown,1952871
2021-04-27,ES-MC,ES62,Murcia,Unknown,411044
2021-04-27,ES-NC,ES22,Navarra,Unknown,222352
2021-04-27,ES-PV,ES21,País Vasco,Unknown,717025
2021-04-27,ES-CE,ES63,Ceuta,Unknown,19930
2021-04-27,ES-ML,ES64,Melilla,Unknown,19634
2021-04-28,ES-AN,ES61,Andalucía,Unknown,2644818
2021-04-28,ES-AR,ES24,Aragón,Unknown,479427
2021-04-28,ES-AS,ES12,Asturias,Unknown,448307
2021-04-28,ES-IB,ES53,Islas Baleares,Unknown,302778
2021-04-28,ES-CN,ES70,Canarias,Unknown,582470
2021-04-28,ES-CB,ES13,Cantabria,Unknown,210225
2021-04-28,ES-CL,ES41,Castilla y León,Unknown,998713
2021-04-28,ES-CM,ES42,Castilla-La Mancha,Unknown,674163
2021-04-28,ES-CT,ES51,Cataluña,Unknown,2427932
2021-04-28,ES-VC,ES52,Comunidad Valenciana,Unknown,1568215
2021-04-28,ES-EX,ES43,Extremadura,Unknown,412129
2021-04-28,ES-GA,ES11,Galicia,Unknown,1037612
2021-04-28,ES-RI,ES23,La Rioja,Unknown,116708
2021-04-28,ES-MD,ES30,Madrid,Unknown,1999768
2021-04-28,ES-MC,ES62,Murcia,Unknown,419948
2021-04-28,ES-NC,ES22,Navarra,Unknown,226649
2021-04-28,ES-PV,ES21,País Vasco,Unknown,717025
2021-04-28,ES-CE,ES63,Ceuta,Unknown,20374
2021-04-28,ES-ML,ES64,Melilla,Unknown,19766
2021-04-29,ES-AN,ES61,Andalucía,Unknown,2740589
2021-04-29,ES-AR,ES24,Aragón,Unknown,501693
2021-04-29,ES-AS,ES12,Asturias,Unknown,461081
2021-04-29,ES-IB,ES53,Islas Baleares,Unknown,310767
2021-04-29,ES-CN,ES70,Canarias,Unknown,595783
2021-04-29,ES-CB,ES13,Cantabria,Unknown,217105
2021-04-29,ES-CL,ES41,Castilla y León,Unknown,1030975
2021-04-29,ES-CM,ES42,Castilla-La Mancha,Unknown,697281
2021-04-29,ES-CT,ES51,Cataluña,Unknown,2506750
2021-04-29,ES-VC,ES52,Comunidad Valenciana,Unknown,1613235
2021-04-29,ES-EX,ES43,Extremadura,Unknown,427507
2021-04-29,ES-GA,ES11,Galicia,Unknown,1063214
2021-04-29,ES-RI,ES23,La Rioja,Unknown,119869
2021-04-29,ES-MD,ES30,Madrid,Unknown,2047677
2021-04-29,ES-MC,ES62,Murcia,Unknown,429278
2021-04-29,ES-NC,ES22,Navarra,Unknown,233402
2021-04-29,ES-PV,ES21,País Vasco,Unknown,751272
2021-04-29,ES-CE,ES63,Ceuta,Unknown,20941
2021-04-29,ES-ML,ES64,Melilla,Unknown,20434
2021-04-30,ES-AN,ES61,Andalucía,Unknown,2831912
2021-04-30,ES-AR,ES24,Aragón,Unknown,524214
2021-04-30,ES-AS,ES12,Asturias,Unknown,474656
2021-04-30,ES-IB,ES53,Islas Baleares,Unknown,319347
2021-04-30,ES-CN,ES70,Canarias,Unknown,608346
2021-04-30,ES-CB,ES13,Cantabria,Unknown,224037
2021-04-30,ES-CL,ES41,Castilla y León,Unknown,1067062
2021-04-30,ES-CM,ES42,Castilla-La Mancha,Unknown,725719
2021-04-30,ES-CT,ES51,Cataluña,Unknown,2590635
2021-04-30,ES-VC,ES52,Comunidad Valenciana,Unknown,1666527
2021-04-30,ES-EX,ES43,Extremadura,Unknown,442614
2021-04-30,ES-GA,ES11,Galicia,Unknown,1094581
2021-04-30,ES-RI,ES23,La Rioja,Unknown,123247
2021-04-30,ES-MD,ES30,Madrid,Unknown,2102932
2021-04-30,ES-MC,ES62,Murcia,Unknown,439557
2021-04-30,ES-NC,ES22,Navarra,Unknown,240050
2021-04-30,ES-PV,ES21,País Vasco,Unknown,773542
2021-04-30,ES-CE,ES63,Ceuta,Unknown,21685
2021-04-30,ES-ML,ES64,Melilla,Unknown,20764
2021-05-03,ES-AN,ES61,Andalucía,Unknown,2871001
2021-05-03,ES-AR,ES24,Aragón,Unknown,536424
2021-05-03,ES-AS,ES12,Asturias,Unknown,522040
2021-05-03,ES-IB,ES53,Islas Baleares,Unknown,332881
2021-05-03,ES-CN,ES70,Canarias,Unknown,617231
2021-05-03,ES-CB,ES13,Cantabria,Unknown,244634
2021-05-03,ES-CL,ES41,Castilla y León,Unknown,1103186
2021-05-03,ES-CM,ES42,Castilla-La Mancha,Unknown,755383
2021-05-03,ES-CT,ES51,Cataluña,Unknown,2728479
2021-05-03,ES-VC,ES52,Comunidad Valenciana,Unknown,1699445
2021-05-03,ES-EX,ES43,Extremadura,Unknown,470629
2021-05-03,ES-GA,ES11,Galicia,Unknown,1182409
2021-05-03,ES-RI,ES23,La Rioja,Unknown,127356
2021-05-03,ES-MD,ES30,Madrid,Unknown,2226877
2021-05-03,ES-MC,ES62,Murcia,Unknown,461510
2021-05-03,ES-NC,ES22,Navarra,Unknown,253552
2021-05-03,ES-PV,ES21,País Vasco,Unknown,858757
2021-05-03,ES-CE,ES63,Ceuta,Unknown,40084
2021-05-03,ES-ML,ES64,Melilla,Unknown,25552
2021-05-04,ES-AN,ES61,Andalucía,Unknown,2976189
2021-05-04,ES-AR,ES24,Aragón,Unknown,545969
2021-05-04,ES-AS,ES12,Asturias,Unknown,506039
2021-05-04,ES-IB,ES53,Islas Baleares,Unknown,339804
2021-05-04,ES-CN,ES70,Canarias,Unknown,636081
2021-05-04,ES-CB,ES13,Cantabria,Unknown,235771
2021-05-04,ES-CL,ES41,Castilla y León,Unknown,1133971
2021-05-04,ES-CM,ES42,Castilla-La Mancha,Unknown,759297
2021-05-04,ES-CT,ES51,Cataluña,Unknown,2768664
2021-05-04,ES-VC,ES52,Comunidad Valenciana,Unknown,1723087
2021-05-04,ES-EX,ES43,Extremadura,Unknown,457230
2021-05-04,ES-GA,ES11,Galicia,Unknown,1200843
2021-05-04,ES-RI,ES23,La Rioja,Unknown,132310
2021-05-04,ES-MD,ES30,Madrid,Unknown,2278828
2021-05-04,ES-MC,ES62,Murcia,Unknown,456334
2021-05-04,ES-NC,ES22,Navarra,Unknown,259848
2021-05-04,ES-PV,ES21,País Vasco,Unknown,901182
2021-05-04,ES-CE,ES63,Ceuta,Unknown,23143
2021-05-04,ES-ML,ES64,Melilla,Unknown,21089
2021-05-05,ES-AN,ES61,Andalucía,Unknown,3051706
2021-05-05,ES-AR,ES24,Aragón,Unknown,557760
2021-05-05,ES-AS,ES12,Asturias,Unknown,520635
2021-05-05,ES-IB,ES53,Islas Baleares,Unknown,346609
2021-05-05,ES-CN,ES70,Canarias,Unknown,652877
2021-05-05,ES-CB,ES13,Cantabria,Unknown,243509
2021-05-05,ES-CL,ES41,Castilla y León,Unknown,1160331
2021-05-05,ES-CM,ES42,Castilla-La Mancha,Unknown,775768
2021-05-05,ES-CT,ES51,Cataluña,Unknown,2840839
2021-05-05,ES-VC,ES52,Comunidad Valenciana,Unknown,1806822
2021-05-05,ES-EX,ES43,Extremadura,Unknown,467248
2021-05-05,ES-GA,ES11,Galicia,Unknown,1244020
2021-05-05,ES-RI,ES23,La Rioja,Unknown,136822
2021-05-05,ES-MD,ES30,Madrid,Unknown,2336594
2021-05-05,ES-MC,ES62,Murcia,Unknown,461853
2021-05-05,ES-NC,ES22,Navarra,Unknown,266367
2021-05-05,ES-PV,ES21,País Vasco,Unknown,926363
2021-05-05,ES-CE,ES63,Ceuta,Unknown,23927
2021-05-05,ES-ML,ES64,Melilla,Unknown,21323
2021-05-06,ES-AN,ES61,Andalucía,Unknown,3142850
2021-05-06,ES-AR,ES24,Aragón,Unknown,582785
2021-05-06,ES-AS,ES12,Asturias,Unknown,533789
2021-05-06,ES-IB,ES53,Islas Baleares,Unknown,361244
2021-05-06,ES-CN,ES70,Canarias,Unknown,670357
2021-05-06,ES-CB,ES13,Cantabria,Unknown,251268
2021-05-06,ES-CL,ES41,Castilla y León,Unknown,1192445
2021-05-06,ES-CM,ES42,Castilla-La Mancha,Unknown,801477
2021-05-06,ES-CT,ES51,Cataluña,Unknown,2930201
2021-05-06,ES-VC,ES52,Comunidad Valenciana,Unknown,1882334
2021-05-06,ES-EX,ES43,Extremadura,Unknown,482847
2021-05-06,ES-GA,ES11,Galicia,Unknown,1289078
2021-05-06,ES-RI,ES23,La Rioja,Unknown,141144
2021-05-06,ES-MD,ES30,Madrid,Unknown,2411194
2021-05-06,ES-MC,ES62,Murcia,Unknown,470231
2021-05-06,ES-NC,ES22,Navarra,Unknown,273349
2021-05-06,ES-PV,ES21,País Vasco,Unknown,951644
2021-05-06,ES-CE,ES63,Ceuta,Unknown,24464
2021-05-06,ES-ML,ES64,Melilla,Unknown,21551
2021-05-07,ES-AN,ES61,Andalucía,Unknown,3237607
2021-05-07,ES-AR,ES24,Aragón,Unknown,607913
2021-05-07,ES-AS,ES12,Asturias,Unknown,547796
2021-05-07,ES-IB,ES53,Islas Baleares,Unknown,375653
2021-05-07,ES-CN,ES70,Canarias,Unknown,688738
2021-05-07,ES-CB,ES13,Cantabria,Unknown,258387
2021-05-07,ES-CL,ES41,Castilla y León,Unknown,1234278
2021-05-07,ES-CM,ES42,Castilla-La Mancha,Unknown,831038
2021-05-07,ES-CT,ES51,Cataluña,Unknown,3013402
2021-05-07,ES-VC,ES52,Comunidad Valenciana,Unknown,1936976
2021-05-07,ES-EX,ES43,Extremadura,Unknown,498732
2021-05-07,ES-GA,ES11,Galicia,Unknown,1334460
2021-05-07,ES-RI,ES23,La Rioja,Unknown,144347
2021-05-07,ES-MD,ES30,Madrid,Unknown,2473416
2021-05-07,ES-MC,ES62,Murcia,Unknown,483772
2021-05-07,ES-NC,ES22,Navarra,Unknown,281440
2021-05-07,ES-PV,ES21,País Vasco,Unknown,977236
2021-05-07,ES-CE,ES63,Ceuta,Unknown,25244
2021-05-07,ES-ML,ES64,Melilla,Unknown,21973
